id,title,description,type,content,tags,difficulty,estimated_duration,user_id,is_public,created_at,updated_at,module_type,price,job,tool,layer
01a27990-8b9e-48e5-811b-450ddf1a1439,Rédiger emails et documents professionnels avec l’IA,"Ce module apprend à utiliser l’IA pour rédiger des emails et documents professionnels de manière claire, rapide et adaptée au contexte. Les apprenants découvrent comment structurer leurs demandes et ajuster le ton selon les destinataires.",course,"{""meta"":{""job"":""Tous métiers"",""tool"":"""",""image_url"":""https://levimrvwiimielomockm.supabase.co/storage/v1/object/public/modules-content/01a27990-8b9e-48e5-811b-450ddf1a1439/cover.png"",""learning_objectives"":[""Structurer un prompt pour rédiger un email efficace"",""Adapter le ton et le contexte professionnel"",""Générer et améliorer différents documents professionnels avec l’IA""]},""submodules"":[{""id"":""6ad78689-886f-416b-8365-c880dc8766fc"",""price"":0,""title"":""Structurer un prompt pour rédiger un email efficace"",""content"":{""quiz_meta"":{""title"":""Quiz - Structurer un prompt pour rédiger un email efficace"",""image_url"":""https://levimrvwiimielomockm.supabase.co/storage/v1/object/public/modules-content/01a27990-8b9e-48e5-811b-450ddf1a1439/submodules/6ad78689-886f-416b-8365-c880dc8766fc/quiz/cover.jpg"",""estimated_duration"":5},""scorm_url"":""https://levimrvwiimielomockm.supabase.co/storage/v1/object/public/modules-content/01a27990-8b9e-48e5-811b-450ddf1a1439/submodules/6ad78689-886f-416b-8365-c880dc8766fc/scorm-1779791631178-1wrn1n/genially.html"",""quiz_scorm_url"":""https://levimrvwiimielomockm.supabase.co/storage/v1/object/public/modules-content/01a27990-8b9e-48e5-811b-450ddf1a1439/submodules/6ad78689-886f-416b-8365-c880dc8766fc/quiz-1779791989987-9xdzdz/genially.html"",""storage_prefix"":""01a27990-8b9e-48e5-811b-450ddf1a1439/submodules/6ad78689-886f-416b-8365-c880dc8766fc/scorm-1779791631178-1wrn1n"",""quiz_storage_prefix"":""01a27990-8b9e-48e5-811b-450ddf1a1439/submodules/6ad78689-886f-416b-8365-c880dc8766fc/quiz-1779791989987-9xdzdz""},""image_url"":""https://levimrvwiimielomockm.supabase.co/storage/v1/object/public/modules-content/01a27990-8b9e-48e5-811b-450ddf1a1439/submodules/6ad78689-886f-416b-8365-c880dc8766fc/cover.png"",""description"":""Ce module apprend à structurer des demandes claires afin de générer des emails professionnels pertinents avec l’IA. Les apprenants découvrent les bases d’un prompt efficace appliqué à la communication professionnelle."",""estimated_duration"":15},{""id"":""66d2f990-2864-49b8-a4e0-66a820da9cc7"",""price"":0,""title"":""Adapter le ton et le contexte professionnel"",""content"":{""quiz_meta"":{""title"":""Quiz - Adapter le ton et le contexte professionnel"",""image_url"":""https://levimrvwiimielomockm.supabase.co/storage/v1/object/public/modules-content/01a27990-8b9e-48e5-811b-450ddf1a1439/submodules/66d2f990-2864-49b8-a4e0-66a820da9cc7/quiz/cover.jpg"",""estimated_duration"":5},""scorm_url"":""https://levimrvwiimielomockm.supabase.co/storage/v1/object/public/modules-content/01a27990-8b9e-48e5-811b-450ddf1a1439/submodules/66d2f990-2864-49b8-a4e0-66a820da9cc7/scorm-1779792117961-1506hz/genially.html"",""quiz_scorm_url"":""https://levimrvwiimielomockm.supabase.co/storage/v1/object/public/modules-content/01a27990-8b9e-48e5-811b-450ddf1a1439/submodules/66d2f990-2864-49b8-a4e0-66a820da9cc7/quiz-1779792479583-nygwq5/genially.html"",""storage_prefix"":""01a27990-8b9e-48e5-811b-450ddf1a1439/submodules/66d2f990-2864-49b8-a4e0-66a820da9cc7/scorm-1779792117961-1506hz"",""quiz_storage_prefix"":""01a27990-8b9e-48e5-811b-450ddf1a1439/submodules/66d2f990-2864-49b8-a4e0-66a820da9cc7/quiz-1779792479583-nygwq5""},""image_url"":""https://levimrvwiimielomockm.supabase.co/storage/v1/object/public/modules-content/01a27990-8b9e-48e5-811b-450ddf1a1439/submodules/66d2f990-2864-49b8-a4e0-66a820da9cc7/cover.png"",""description"":""Les apprenants découvrent comment ajuster le ton, le niveau de langage et le style d’un message selon le destinataire et le contexte professionnel."",""estimated_duration"":15}],""deliverables"":[],""structure_version"":2}",[],beginner,45,4541e6eb-6f8f-4171-97ff-703d08bb74b3,true,2026-05-26 10:50:04.904+00,2026-05-26 10:50:04.904+00,,0,,,
15eb3972-8fe4-41d7-b9b5-fdaa7801f2cf,Comprendre l'Intelligence Artificielle aujourd'hui,Ce module permet de comprendre ce qu’est réellement l’intelligence artificielle et comment elle s’intègre déjà dans notre quotidien personnel et professionnel. Les apprenants découvriront les usages concrets de l’IA ainsi que les principales idées reçues à éviter.,course,"{""meta"":{""job"":""Tous métiers"",""tool"":"""",""image_url"":""https://levimrvwiimielomockm.supabase.co/storage/v1/object/public/modules-content/15eb3972-8fe4-41d7-b9b5-fdaa7801f2cf/cover.png"",""learning_objectives"":[""Comprendre ce qu’est l’intelligence artificielle aujourd’hui"",""Identifier ses usages dans la vie quotidienne et professionnelle "",""Distinguer les réalités technologiques des idées reçues""]},""submodules"":[{""id"":""de41f15b-596e-403a-a3bd-864e56f4ca9d"",""price"":0,""title"":""Une journée avec l'IA"",""content"":{""quiz_meta"":{""title"":""Quiz - Une journée avec l'IA"",""image_url"":""https://levimrvwiimielomockm.supabase.co/storage/v1/object/public/modules-content/15eb3972-8fe4-41d7-b9b5-fdaa7801f2cf/submodules/de41f15b-596e-403a-a3bd-864e56f4ca9d/quiz/cover.jpg"",""estimated_duration"":5},""scorm_url"":""https://levimrvwiimielomockm.supabase.co/storage/v1/object/public/modules-content/15eb3972-8fe4-41d7-b9b5-fdaa7801f2cf/submodules/de41f15b-596e-403a-a3bd-864e56f4ca9d/scorm-1778840223952-7v9xm2/genially.html"",""quiz_scorm_url"":""https://levimrvwiimielomockm.supabase.co/storage/v1/object/public/modules-content/15eb3972-8fe4-41d7-b9b5-fdaa7801f2cf/submodules/de41f15b-596e-403a-a3bd-864e56f4ca9d/quiz-1778840659681-nfpkd2/genially.html""},""image_url"":""https://levimrvwiimielomockm.supabase.co/storage/v1/object/public/modules-content/15eb3972-8fe4-41d7-b9b5-fdaa7801f2cf/submodules/de41f15b-596e-403a-a3bd-864e56f4ca9d/cover.png"",""description"":""Découvrez comment l’intelligence artificielle est déjà intégrée dans les outils et services du quotidien, aussi bien personnels que professionnels. Ce module permet d’identifier les usages concrets de l’IA afin de mieux comprendre son impact réel dans le monde du travail."",""estimated_duration"":15},{""id"":""f89d8188-3311-4548-b534-85b0166b5b1e"",""price"":0,""title"":""Ce que l'IA est, et n'est pas"",""content"":{""quiz_meta"":{""title"":""Quiz - Ce que l'IA est, et n'est pas"",""image_url"":""https://levimrvwiimielomockm.supabase.co/storage/v1/object/public/modules-content/15eb3972-8fe4-41d7-b9b5-fdaa7801f2cf/submodules/f89d8188-3311-4548-b534-85b0166b5b1e/quiz/cover.jpg"",""estimated_duration"":5},""scorm_url"":""https://levimrvwiimielomockm.supabase.co/storage/v1/object/public/modules-content/15eb3972-8fe4-41d7-b9b5-fdaa7801f2cf/submodules/f89d8188-3311-4548-b534-85b0166b5b1e/scorm-1778840813962-eynbyn/genially.html"",""quiz_scorm_url"":""https://levimrvwiimielomockm.supabase.co/storage/v1/object/public/modules-content/15eb3972-8fe4-41d7-b9b5-fdaa7801f2cf/submodules/f89d8188-3311-4548-b534-85b0166b5b1e/quiz-1778841176961-fg4vjf/genially.html""},""image_url"":""https://levimrvwiimielomockm.supabase.co/storage/v1/object/public/modules-content/15eb3972-8fe4-41d7-b9b5-fdaa7801f2cf/submodules/f89d8188-3311-4548-b534-85b0166b5b1e/cover.png"",""description"":""Comprenez les bases réelles de l’intelligence artificielle et distinguez les faits des idées reçues, pour développer une vision claire et réaliste de ces technologies."",""estimated_duration"":15}],""deliverables"":[],""structure_version"":2}",[],beginner,30,4541e6eb-6f8f-4171-97ff-703d08bb74b3,true,2026-05-15 10:35:08.767+00,2026-05-22 10:17:17.913326+00,,0,,,
17c88bff-2b81-4ae5-88c3-0bde79e949cd,Techniques de reformulation et d’itération,"Les participants apprennent à améliorer progressivement les réponses générées par une IA grâce au dialogue, aux ajustements et aux techniques de reformulation. Le module développe une approche plus stratégique de l’interaction avec l’IA.",course,"{""meta"":{""job"":""Tous métiers"",""tool"":"""",""image_url"":""https://levimrvwiimielomockm.supabase.co/storage/v1/object/public/modules-content/17c88bff-2b81-4ae5-88c3-0bde79e949cd/cover.png"",""learning_objectives"":[""Comprendre le principe d’itération avec une IA"",""Améliorer une réponse par reformulation"",""Développer une méthode d’interaction progressive avec l’IA""]},""submodules"":[{""id"":""6d9db8b0-05ce-49fa-b123-d3e1cd67b423"",""price"":0,""title"":""Dialoguer avec une IA : le principe d’itération"",""content"":{""quiz_meta"":{""title"":""Quiz - Dialoguer avec une IA : le principe d’itération"",""image_url"":""https://levimrvwiimielomockm.supabase.co/storage/v1/object/public/modules-content/17c88bff-2b81-4ae5-88c3-0bde79e949cd/submodules/6d9db8b0-05ce-49fa-b123-d3e1cd67b423/quiz/cover.jpg"",""estimated_duration"":5},""scorm_url"":""https://levimrvwiimielomockm.supabase.co/storage/v1/object/public/modules-content/17c88bff-2b81-4ae5-88c3-0bde79e949cd/submodules/6d9db8b0-05ce-49fa-b123-d3e1cd67b423/scorm-1779788446716-h6lsl3/genially.html"",""quiz_scorm_url"":""https://levimrvwiimielomockm.supabase.co/storage/v1/object/public/modules-content/17c88bff-2b81-4ae5-88c3-0bde79e949cd/submodules/6d9db8b0-05ce-49fa-b123-d3e1cd67b423/quiz-1779788839142-iu7j0r/genially.html"",""storage_prefix"":""17c88bff-2b81-4ae5-88c3-0bde79e949cd/submodules/6d9db8b0-05ce-49fa-b123-d3e1cd67b423/scorm-1779788446716-h6lsl3"",""quiz_storage_prefix"":""17c88bff-2b81-4ae5-88c3-0bde79e949cd/submodules/6d9db8b0-05ce-49fa-b123-d3e1cd67b423/quiz-1779788839142-iu7j0r""},""image_url"":""https://levimrvwiimielomockm.supabase.co/storage/v1/object/public/modules-content/17c88bff-2b81-4ae5-88c3-0bde79e949cd/submodules/6d9db8b0-05ce-49fa-b123-d3e1cd67b423/cover.png"",""description"":""Comprenez pourquoi l’utilisation efficace d’une IA repose sur un échange progressif plutôt qu’une seule question. Ce module montre comment améliorer les réponses obtenues grâce aux ajustements et reformulations successives."",""estimated_duration"":15},{""id"":""a543ec8a-4385-40eb-b897-e50e54d806a9"",""price"":0,""title"":""Techniques de reformulation efficaces"",""content"":{""quiz_meta"":{""title"":""Quiz - Techniques de reformulation efficaces"",""image_url"":""https://levimrvwiimielomockm.supabase.co/storage/v1/object/public/modules-content/17c88bff-2b81-4ae5-88c3-0bde79e949cd/submodules/a543ec8a-4385-40eb-b897-e50e54d806a9/quiz/cover.jpg"",""estimated_duration"":5},""scorm_url"":""https://levimrvwiimielomockm.supabase.co/storage/v1/object/public/modules-content/17c88bff-2b81-4ae5-88c3-0bde79e949cd/submodules/a543ec8a-4385-40eb-b897-e50e54d806a9/scorm-1779789040509-dbvaza/genially.html"",""quiz_scorm_url"":""https://levimrvwiimielomockm.supabase.co/storage/v1/object/public/modules-content/17c88bff-2b81-4ae5-88c3-0bde79e949cd/submodules/a543ec8a-4385-40eb-b897-e50e54d806a9/quiz-1779789698769-2j7b2k/genially.html"",""storage_prefix"":""17c88bff-2b81-4ae5-88c3-0bde79e949cd/submodules/a543ec8a-4385-40eb-b897-e50e54d806a9/scorm-1779789040509-dbvaza"",""quiz_storage_prefix"":""17c88bff-2b81-4ae5-88c3-0bde79e949cd/submodules/a543ec8a-4385-40eb-b897-e50e54d806a9/quiz-1779789698769-2j7b2k""},""image_url"":""https://levimrvwiimielomockm.supabase.co/storage/v1/object/public/modules-content/17c88bff-2b81-4ae5-88c3-0bde79e949cd/submodules/a543ec8a-4385-40eb-b897-e50e54d806a9/cover.png"",""description"":""Découvrez différentes méthodes de reformulation pour affiner les réponses générées par une IA. Vous apprendrez à gagner en précision, en clarté et en pertinence dans vos échanges professionnels avec les outils d’IA."",""estimated_duration"":15}],""deliverables"":[],""structure_version"":2}",[],beginner,30,4541e6eb-6f8f-4171-97ff-703d08bb74b3,true,2026-05-26 10:04:45.192+00,2026-05-26 10:04:45.192+00,,0,,,
19ca2784-2620-491d-91f4-d8850fc49057,IA,Module généré automatiquement,course,"{""type"":""course"",""title"":""IA"",""sections"":[{""text"":""Contenu généré (placeholder)"",""title"":""Introduction""},{""text"":""…"",""title"":""Partie 1""}],""difficulty"":""intermediate""}","[""gen"",""fastapi""]",intermediate,30,96c4b623-f547-44a5-a495-77144fffd731,false,2025-12-29 09:17:54.765436+00,2025-12-29 09:17:54.765436+00,course,0,,,
6a08639f-f13a-43de-9fee-d95f886a4e3b,IA pour le recrutement,"Ce module montre comment utiliser l’IA pour optimiser les différentes étapes du recrutement : rédaction d’offres, tri de candidatures, préparation d’entretiens et automatisation des échanges candidats. Les apprenants découvrent des usages concrets appliqués aux RH.",course,"{""meta"":{""job"":""Ressources Humaines"",""tool"":"""",""image_url"":""https://levimrvwiimielomockm.supabase.co/storage/v1/object/public/modules-content/6a08639f-f13a-43de-9fee-d95f886a4e3b/cover.png"",""learning_objectives"":[""Identifier les usages de l’IA en recrutement"",""Rédiger des offres d’emploi attractives avec l’IA"",""Trier et analyser des candidatures"",""Préparer des entretiens et automatiser les réponses candidats""]},""submodules"":[{""id"":""216d923c-343b-4977-9db3-b7228114763c"",""price"":0,""title"":""Identifier les usages IA en recrutement"",""content"":{""quiz_meta"":{""title"":""Quiz - Identifier les usages IA en recrutement"",""image_url"":""https://levimrvwiimielomockm.supabase.co/storage/v1/object/public/modules-content/6a08639f-f13a-43de-9fee-d95f886a4e3b/submodules/216d923c-343b-4977-9db3-b7228114763c/quiz/cover.jpg"",""estimated_duration"":5},""scorm_url"":""https://levimrvwiimielomockm.supabase.co/storage/v1/object/public/modules-content/6a08639f-f13a-43de-9fee-d95f886a4e3b/submodules/216d923c-343b-4977-9db3-b7228114763c/scorm-1779800161991-n68kjh/genially.html"",""quiz_scorm_url"":""https://levimrvwiimielomockm.supabase.co/storage/v1/object/public/modules-content/6a08639f-f13a-43de-9fee-d95f886a4e3b/submodules/216d923c-343b-4977-9db3-b7228114763c/quiz-1779800562012-yr1a6w/genially.html"",""storage_prefix"":""6a08639f-f13a-43de-9fee-d95f886a4e3b/submodules/216d923c-343b-4977-9db3-b7228114763c/scorm-1779800161991-n68kjh"",""quiz_storage_prefix"":""6a08639f-f13a-43de-9fee-d95f886a4e3b/submodules/216d923c-343b-4977-9db3-b7228114763c/quiz-1779800562012-yr1a6w""},""image_url"":""https://levimrvwiimielomockm.supabase.co/storage/v1/object/public/modules-content/6a08639f-f13a-43de-9fee-d95f886a4e3b/submodules/216d923c-343b-4977-9db3-b7228114763c/cover.png"",""description"":""Ce module présente les principaux usages de l’IA dans le domaine du recrutement et leurs apports pour les équipes RH."",""estimated_duration"":15}],""deliverables"":[],""structure_version"":2}",[],intermediate,90,4541e6eb-6f8f-4171-97ff-703d08bb74b3,true,2026-05-26 13:04:59.236+00,2026-05-26 13:04:59.236+00,,0,,,
7612a5cb-4dab-4497-a9e0-390b4bc5cc54,Formation React débutant,Module généré automatiquement,course,"{""assets"":null,""content"":{""quiz"":""Question 1 : Quelle est l'idée principale ?\nA) ...\nB) ...\nC) ...\nD) ...\nRéponse correcte : A\nExplication : ...\n"",""course"":""# Formation React débutant\n\nCours (mock)\n\nContexte RAG: Formation React débutant. Contexte: Introduction à React, composants, props, state"",""exercise"":""TITRE:\nOBJECTIF:\nCONSIGNES PAS-À-PAS:\n...""},""formats"":[""course"",""quiz"",""exercise""],""payload"":{""level"":""beginner"",""title"":""Formation React débutant"",""formats"":[""course"",""quiz"",""exercise""],""options"":{""tone"":""pédagogique"",""language"":""fr"",""with_examples"":true},""duration"":""30 min"",""source_type"":""text"",""source_content"":""Introduction à React, composants, props, state""},""citations"":[]}","[""gen"",""fastapi""]",beginner,30,96c4b623-f547-44a5-a495-77144fffd731,false,2025-12-29 15:48:33.85143+00,2025-12-29 15:48:33.85143+00,course,0,,,
844b5c5e-0565-409f-9f03-5177cbbf9cbf,string,Module généré automatiquement,course,"{""type"":""cours"",""title"":""string"",""sections"":[{""text"":""Contenu généré (placeholder)"",""title"":""Introduction""},{""text"":""…"",""title"":""Partie 1""}],""difficulty"":""intermediate""}","[""gen"",""fastapi""]",intermediate,30,96c4b623-f547-44a5-a495-77144fffd731,false,2025-12-22 17:20:06.515906+00,2025-12-22 17:20:06.515906+00,cours,0,,,
862a2ba9-7898-4309-868e-ed6fb49db784,IA,Module généré automatiquement,course,"{""type"":""course"",""title"":""IA"",""sections"":[{""text"":""Contenu généré (placeholder)"",""title"":""Introduction""},{""text"":""…"",""title"":""Partie 1""}],""difficulty"":""intermediate""}","[""gen"",""fastapi""]",intermediate,30,96c4b623-f547-44a5-a495-77144fffd731,false,2025-12-29 09:17:35.307849+00,2025-12-29 09:17:35.307849+00,course,0,,,
8fbf2aa6-1e33-4078-afc0-3ddda30227d5,Prompt engineering avancé et système de prompts,"Ce module approfondit les techniques avancées de prompting afin de concevoir des systèmes de prompts performants, réutilisables et optimisés. Les apprenants découvrent le prompt chaining, les prompts multi-variables et les méthodes d’amélioration continue des outputs IA.",course,"{""meta"":{""job"":""Tous métiers"",""tool"":"""",""image_url"":""https://levimrvwiimielomockm.supabase.co/storage/v1/object/public/modules-content/8fbf2aa6-1e33-4078-afc0-3ddda30227d5/cover.png"",""learning_objectives"":[""Comprendre les principes avancés du prompt engineering"",""Construire des prompts complexes et multi-variables"",""Concevoir des chaînes de prompts et des systèmes réutilisables"",""Optimiser les réponses générées par itération""]},""submodules"":[{""id"":""f6d67d1f-3aa9-4119-b9e9-f662f3b56ab3"",""price"":0,""title"":""Comprendre la logique du prompt engineering avancé"",""content"":{""quiz_meta"":{""title"":""Quiz - Comprendre la logique du prompt engineering avancé"",""image_url"":""https://levimrvwiimielomockm.supabase.co/storage/v1/object/public/modules-content/8fbf2aa6-1e33-4078-afc0-3ddda30227d5/submodules/f6d67d1f-3aa9-4119-b9e9-f662f3b56ab3/quiz/cover.jpg"",""estimated_duration"":5},""scorm_url"":""https://levimrvwiimielomockm.supabase.co/storage/v1/object/public/modules-content/8fbf2aa6-1e33-4078-afc0-3ddda30227d5/submodules/f6d67d1f-3aa9-4119-b9e9-f662f3b56ab3/scorm-1779793037564-eww5xx/genially.html"",""quiz_scorm_url"":""https://levimrvwiimielomockm.supabase.co/storage/v1/object/public/modules-content/8fbf2aa6-1e33-4078-afc0-3ddda30227d5/submodules/f6d67d1f-3aa9-4119-b9e9-f662f3b56ab3/quiz-1779793577640-t5a470/genially.html"",""storage_prefix"":""8fbf2aa6-1e33-4078-afc0-3ddda30227d5/submodules/f6d67d1f-3aa9-4119-b9e9-f662f3b56ab3/scorm-1779793037564-eww5xx"",""quiz_storage_prefix"":""8fbf2aa6-1e33-4078-afc0-3ddda30227d5/submodules/f6d67d1f-3aa9-4119-b9e9-f662f3b56ab3/quiz-1779793577640-t5a470""},""image_url"":""https://levimrvwiimielomockm.supabase.co/storage/v1/object/public/modules-content/8fbf2aa6-1e33-4078-afc0-3ddda30227d5/submodules/f6d67d1f-3aa9-4119-b9e9-f662f3b56ab3/cover.png"",""description"":""Ce module introduit les principes avancés de structuration des prompts afin d’obtenir des réponses plus précises et performantes."",""estimated_duration"":15},{""id"":""1b181073-2dc7-4d76-8066-3ceab312de36"",""price"":0,""title"":""Construire des prompts complexes multi-variables"",""content"":{""quiz_meta"":{""title"":""Quiz - Construire des prompts complexes multi-variables"",""image_url"":""https://levimrvwiimielomockm.supabase.co/storage/v1/object/public/modules-content/8fbf2aa6-1e33-4078-afc0-3ddda30227d5/submodules/1b181073-2dc7-4d76-8066-3ceab312de36/quiz/cover.jpg"",""estimated_duration"":5},""scorm_url"":""https://levimrvwiimielomockm.supabase.co/storage/v1/object/public/modules-content/8fbf2aa6-1e33-4078-afc0-3ddda30227d5/submodules/1b181073-2dc7-4d76-8066-3ceab312de36/scorm-1779793811663-7wwkt9/genially.html"",""quiz_scorm_url"":""https://levimrvwiimielomockm.supabase.co/storage/v1/object/public/modules-content/8fbf2aa6-1e33-4078-afc0-3ddda30227d5/submodules/1b181073-2dc7-4d76-8066-3ceab312de36/quiz-1779794396044-omf5v5/genially.html"",""storage_prefix"":""8fbf2aa6-1e33-4078-afc0-3ddda30227d5/submodules/1b181073-2dc7-4d76-8066-3ceab312de36/scorm-1779793811663-7wwkt9"",""quiz_storage_prefix"":""8fbf2aa6-1e33-4078-afc0-3ddda30227d5/submodules/1b181073-2dc7-4d76-8066-3ceab312de36/quiz-1779794396044-omf5v5""},""image_url"":""https://levimrvwiimielomockm.supabase.co/storage/v1/object/public/modules-content/8fbf2aa6-1e33-4078-afc0-3ddda30227d5/submodules/1b181073-2dc7-4d76-8066-3ceab312de36/cover.png"",""description"":""Les apprenants apprennent à concevoir des prompts intégrant plusieurs contraintes, rôles et formats afin de piloter plus finement les réponses de l’IA."",""estimated_duration"":15}],""deliverables"":[],""structure_version"":2}",[],advanced,90,4541e6eb-6f8f-4171-97ff-703d08bb74b3,true,2026-05-26 11:23:56.286+00,2026-05-26 11:23:56.286+00,,0,,,
9dfe9738-3de7-41b2-8e74-b829e09da12e,Anatomie d’un prompt efficace,Ce module apprend à formuler des demandes claires et structurées afin d’obtenir des réponses pertinentes d’une IA. Les apprenants découvrent les éléments essentiels d’un prompt professionnel efficace.,course,"{""meta"":{""job"":""Tous métiers"",""tool"":"""",""image_url"":""https://levimrvwiimielomockm.supabase.co/storage/v1/object/public/modules-content/9dfe9738-3de7-41b2-8e74-b829e09da12e/cover.png"",""learning_objectives"":[""Comprendre l’impact de la formulation d’une demande"",""Identifier les composants d’un prompt efficace"",""Construire des prompts adaptés à un besoin professionnel""]},""submodules"":[{""id"":""36e6c0f4-fe7f-472f-a655-09d2b839ef1e"",""price"":0,""title"":"" Pourquoi certaines questions donnent de mauvaises réponses"",""content"":{""quiz_meta"":{""title"":""Quiz -  Pourquoi certaines questions donnent de mauvaises réponses"",""image_url"":""https://levimrvwiimielomockm.supabase.co/storage/v1/object/public/modules-content/9dfe9738-3de7-41b2-8e74-b829e09da12e/submodules/36e6c0f4-fe7f-472f-a655-09d2b839ef1e/quiz/cover.jpg"",""estimated_duration"":5},""scorm_url"":""https://levimrvwiimielomockm.supabase.co/storage/v1/object/public/modules-content/9dfe9738-3de7-41b2-8e74-b829e09da12e/submodules/36e6c0f4-fe7f-472f-a655-09d2b839ef1e/scorm-1779786314952-0n9d22/genially.html"",""quiz_scorm_url"":""https://levimrvwiimielomockm.supabase.co/storage/v1/object/public/modules-content/9dfe9738-3de7-41b2-8e74-b829e09da12e/submodules/36e6c0f4-fe7f-472f-a655-09d2b839ef1e/quiz-1779786747002-7ul36n/genially.html"",""storage_prefix"":""9dfe9738-3de7-41b2-8e74-b829e09da12e/submodules/36e6c0f4-fe7f-472f-a655-09d2b839ef1e/scorm-1779786314952-0n9d22"",""quiz_storage_prefix"":""9dfe9738-3de7-41b2-8e74-b829e09da12e/submodules/36e6c0f4-fe7f-472f-a655-09d2b839ef1e/quiz-1779786747002-7ul36n""},""image_url"":""https://levimrvwiimielomockm.supabase.co/storage/v1/object/public/modules-content/9dfe9738-3de7-41b2-8e74-b829e09da12e/submodules/36e6c0f4-fe7f-472f-a655-09d2b839ef1e/cover.png"",""description"":""Découvrez comment la formulation d’une demande influence directement la qualité des réponses générées par une IA. Ce module met en lumière les erreurs fréquentes de prompting et les bonnes pratiques pour les éviter."",""estimated_duration"":15},{""id"":""93e5da8f-e39c-4dd9-803a-5dc8678ac91e"",""price"":0,""title"":""Les éléments d’un prompt efficace"",""content"":{""quiz_meta"":{""title"":""Quiz - Les éléments d’un prompt efficace"",""image_url"":""https://levimrvwiimielomockm.supabase.co/storage/v1/object/public/modules-content/9dfe9738-3de7-41b2-8e74-b829e09da12e/submodules/93e5da8f-e39c-4dd9-803a-5dc8678ac91e/quiz/cover.jpg"",""estimated_duration"":5},""scorm_url"":""https://levimrvwiimielomockm.supabase.co/storage/v1/object/public/modules-content/9dfe9738-3de7-41b2-8e74-b829e09da12e/submodules/93e5da8f-e39c-4dd9-803a-5dc8678ac91e/scorm-1779786897684-va6uyn/genially.html"",""quiz_scorm_url"":""https://levimrvwiimielomockm.supabase.co/storage/v1/object/public/modules-content/9dfe9738-3de7-41b2-8e74-b829e09da12e/submodules/93e5da8f-e39c-4dd9-803a-5dc8678ac91e/quiz-1779787335954-ku1mrx/genially.html"",""storage_prefix"":""9dfe9738-3de7-41b2-8e74-b829e09da12e/submodules/93e5da8f-e39c-4dd9-803a-5dc8678ac91e/scorm-1779786897684-va6uyn"",""quiz_storage_prefix"":""9dfe9738-3de7-41b2-8e74-b829e09da12e/submodules/93e5da8f-e39c-4dd9-803a-5dc8678ac91e/quiz-1779787335954-ku1mrx""},""image_url"":""https://levimrvwiimielomockm.supabase.co/storage/v1/object/public/modules-content/9dfe9738-3de7-41b2-8e74-b829e09da12e/submodules/93e5da8f-e39c-4dd9-803a-5dc8678ac91e/cover.png"",""description"":""Apprenez à structurer un prompt clair et performant en intégrant les éléments essentiels : contexte, objectif, rôle, contraintes et format attendu. Vous comprendrez comment guider efficacement une IA pour obtenir des résultats pertinents."",""estimated_duration"":15},{""id"":""110f398f-f4aa-4aa8-8646-5cd8a85f8181"",""price"":0,""title"":""Construire un prompt professionnel"",""content"":{""quiz_meta"":{""title"":""Quiz - Construire un prompt professionnel"",""image_url"":""https://levimrvwiimielomockm.supabase.co/storage/v1/object/public/modules-content/9dfe9738-3de7-41b2-8e74-b829e09da12e/submodules/110f398f-f4aa-4aa8-8646-5cd8a85f8181/quiz/cover.jpg"",""estimated_duration"":5},""scorm_url"":""https://levimrvwiimielomockm.supabase.co/storage/v1/object/public/modules-content/9dfe9738-3de7-41b2-8e74-b829e09da12e/submodules/110f398f-f4aa-4aa8-8646-5cd8a85f8181/scorm-1779787496575-zj3bc9/genially.html"",""quiz_scorm_url"":""https://levimrvwiimielomockm.supabase.co/storage/v1/object/public/modules-content/9dfe9738-3de7-41b2-8e74-b829e09da12e/submodules/110f398f-f4aa-4aa8-8646-5cd8a85f8181/quiz-1779787902343-rfoj1r/genially.html"",""storage_prefix"":""9dfe9738-3de7-41b2-8e74-b829e09da12e/submodules/110f398f-f4aa-4aa8-8646-5cd8a85f8181/scorm-1779787496575-zj3bc9"",""quiz_storage_prefix"":""9dfe9738-3de7-41b2-8e74-b829e09da12e/submodules/110f398f-f4aa-4aa8-8646-5cd8a85f8181/quiz-1779787902343-rfoj1r""},""image_url"":""https://levimrvwiimielomockm.supabase.co/storage/v1/object/public/modules-content/9dfe9738-3de7-41b2-8e74-b829e09da12e/submodules/110f398f-f4aa-4aa8-8646-5cd8a85f8181/cover.png"",""description"":""Ce module vous aide à concevoir des prompts adaptés à des besoins concrets en entreprise. Vous apprendrez à rédiger des demandes précises et exploitables pour améliorer la qualité et l’efficacité des réponses générées."",""estimated_duration"":15}],""deliverables"":[],""structure_version"":2}",[],beginner,45,4541e6eb-6f8f-4171-97ff-703d08bb74b3,true,2026-05-26 09:34:37.632+00,2026-05-26 09:34:37.632+00,,0,,,
a354e0cd-9c67-4df2-a2a7-36c42932543e,Vérifier et fiabiliser une réponse IA,Ce module développe l’esprit critique face aux contenus générés par l’IA. Il apprend à identifier les erreurs fréquentes et à mettre en place des méthodes simples de vérification avant une utilisation professionnelle.,course,"{""meta"":{""job"":""Tous métiers"",""tool"":"""",""image_url"":""https://levimrvwiimielomockm.supabase.co/storage/v1/object/public/modules-content/a354e0cd-9c67-4df2-a2a7-36c42932543e/cover.png"",""learning_objectives"":[""Identifier les erreurs fréquentes des IA"",""Vérifier la fiabilité des réponses générées"",""Développer un esprit critique face aux contenus IA""]},""submodules"":[{""id"":""ec6f99e9-c8e2-420c-b399-a6a23d29f51d"",""price"":0,""title"":""Vérifier et fiabiliser une réponse IA"",""content"":{""quiz_meta"":{""title"":""Quiz - Vérifier et fiabiliser une réponse IA"",""image_url"":""https://levimrvwiimielomockm.supabase.co/storage/v1/object/public/modules-content/a354e0cd-9c67-4df2-a2a7-36c42932543e/submodules/ec6f99e9-c8e2-420c-b399-a6a23d29f51d/quiz/cover.jpg"",""estimated_duration"":5},""scorm_url"":""https://levimrvwiimielomockm.supabase.co/storage/v1/object/public/modules-content/a354e0cd-9c67-4df2-a2a7-36c42932543e/submodules/ec6f99e9-c8e2-420c-b399-a6a23d29f51d/scorm-1779790313654-jwf6kk/genially.html"",""quiz_scorm_url"":""https://levimrvwiimielomockm.supabase.co/storage/v1/object/public/modules-content/a354e0cd-9c67-4df2-a2a7-36c42932543e/submodules/ec6f99e9-c8e2-420c-b399-a6a23d29f51d/quiz-1779790973235-zh38gm/genially.html"",""storage_prefix"":""a354e0cd-9c67-4df2-a2a7-36c42932543e/submodules/ec6f99e9-c8e2-420c-b399-a6a23d29f51d/scorm-1779790313654-jwf6kk"",""quiz_storage_prefix"":""a354e0cd-9c67-4df2-a2a7-36c42932543e/submodules/ec6f99e9-c8e2-420c-b399-a6a23d29f51d/quiz-1779790973235-zh38gm""},""image_url"":""https://levimrvwiimielomockm.supabase.co/storage/v1/object/public/modules-content/a354e0cd-9c67-4df2-a2a7-36c42932543e/submodules/ec6f99e9-c8e2-420c-b399-a6a23d29f51d/cover.png"",""description"":""Découvrez une méthode simple et opérationnelle pour vérifier la fiabilité d’une réponse générée par une IA avant son utilisation professionnelle. Vous apprendrez à sécuriser vos usages et à limiter les risques d’erreurs."",""estimated_duration"":15}],""deliverables"":[],""structure_version"":2}",[],beginner,15,4541e6eb-6f8f-4171-97ff-703d08bb74b3,true,2026-05-26 10:25:20.365+00,2026-05-26 10:25:20.365+00,,0,,,
b6a4e526-26bd-4a9d-8c0b-98b08f1fb780,IA générative : fonctionnement simplifié,Les apprenants découvrent les principes fondamentaux des IA génératives et comprennent comment les modèles de langage produisent du contenu. Le module vulgarise le fonctionnement des systèmes d’IA de manière accessible et concrète.,course,"{""meta"":{""job"":""Tous métiers"",""tool"":"""",""image_url"":""https://levimrvwiimielomockm.supabase.co/storage/v1/object/public/modules-content/b6a4e526-26bd-4a9d-8c0b-98b08f1fb780/cover.png"",""learning_objectives"":[""Comprendre les principes de base des systèmes d’IA générative"",""Découvrir le fonctionnement général des modèles de langage"",""Comprendre la génération automatique de contenu""]},""submodules"":[{""id"":""213ea2d7-7294-4bd1-97f9-43b0988a8e87"",""price"":0,""title"":""Comment fonctionne une IA générative"",""content"":{""quiz_meta"":{""title"":""Quiz - Comment fonctionne une IA générative"",""image_url"":""https://levimrvwiimielomockm.supabase.co/storage/v1/object/public/modules-content/b6a4e526-26bd-4a9d-8c0b-98b08f1fb780/submodules/213ea2d7-7294-4bd1-97f9-43b0988a8e87/quiz/cover.jpg"",""estimated_duration"":5},""scorm_url"":""https://levimrvwiimielomockm.supabase.co/storage/v1/object/public/modules-content/b6a4e526-26bd-4a9d-8c0b-98b08f1fb780/submodules/213ea2d7-7294-4bd1-97f9-43b0988a8e87/scorm-1779443695058-jvnsd7/genially.html"",""quiz_scorm_url"":""https://levimrvwiimielomockm.supabase.co/storage/v1/object/public/modules-content/b6a4e526-26bd-4a9d-8c0b-98b08f1fb780/submodules/213ea2d7-7294-4bd1-97f9-43b0988a8e87/quiz-1779444070948-ee3pu0/genially.html"",""storage_prefix"":""b6a4e526-26bd-4a9d-8c0b-98b08f1fb780/submodules/213ea2d7-7294-4bd1-97f9-43b0988a8e87/scorm-1779443695058-jvnsd7"",""quiz_storage_prefix"":""b6a4e526-26bd-4a9d-8c0b-98b08f1fb780/submodules/213ea2d7-7294-4bd1-97f9-43b0988a8e87/quiz-1779444070948-ee3pu0""},""image_url"":""https://levimrvwiimielomockm.supabase.co/storage/v1/object/public/modules-content/b6a4e526-26bd-4a9d-8c0b-98b08f1fb780/submodules/213ea2d7-7294-4bd1-97f9-43b0988a8e87/cover.png"",""description"":""Découvrez les grands principes de fonctionnement des IA génératives : données d’entraînement, modèles et génération de contenu. Ce module vous aide à comprendre comment une IA produit du texte, des images ou des réponses à partir des informations apprises."",""estimated_duration"":15},{""id"":""32e956bc-3711-465a-b474-cee914e95122"",""price"":0,""title"":""Les modèles de langage expliqués simplement"",""content"":{""quiz_meta"":{""title"":""Quiz - Les modèles de langage expliqués simplement"",""image_url"":""https://levimrvwiimielomockm.supabase.co/storage/v1/object/public/modules-content/b6a4e526-26bd-4a9d-8c0b-98b08f1fb780/submodules/32e956bc-3711-465a-b474-cee914e95122/quiz/cover.jpg"",""estimated_duration"":5},""scorm_url"":""https://levimrvwiimielomockm.supabase.co/storage/v1/object/public/modules-content/b6a4e526-26bd-4a9d-8c0b-98b08f1fb780/submodules/32e956bc-3711-465a-b474-cee914e95122/scorm-1779444211219-81885c/genially.html"",""quiz_scorm_url"":""https://levimrvwiimielomockm.supabase.co/storage/v1/object/public/modules-content/b6a4e526-26bd-4a9d-8c0b-98b08f1fb780/submodules/32e956bc-3711-465a-b474-cee914e95122/quiz-1779444578468-i3glu3/genially.html"",""storage_prefix"":""b6a4e526-26bd-4a9d-8c0b-98b08f1fb780/submodules/32e956bc-3711-465a-b474-cee914e95122/scorm-1779444211219-81885c"",""quiz_storage_prefix"":""b6a4e526-26bd-4a9d-8c0b-98b08f1fb780/submodules/32e956bc-3711-465a-b474-cee914e95122/quiz-1779444578468-i3glu3""},""image_url"":""https://levimrvwiimielomockm.supabase.co/storage/v1/object/public/modules-content/b6a4e526-26bd-4a9d-8c0b-98b08f1fb780/submodules/32e956bc-3711-465a-b474-cee914e95122/cover.png"",""description"":""Apprenez comment les modèles de langage génèrent des phrases en prédisant les mots les plus probables. Ce module vulgarise le fonctionnement des grands modèles de langage afin de mieux comprendre leurs capacités et leurs limites."",""estimated_duration"":15}],""deliverables"":[],""structure_version"":2}",[],beginner,30,4541e6eb-6f8f-4171-97ff-703d08bb74b3,true,2026-05-22 10:13:51.484+00,2026-05-22 10:13:51.484+00,,0,,,
c26e1794-9351-46b0-a1a1-8e5a6c7c53d1,string,Module généré automatiquement,course,"{""type"":""cours"",""title"":""string"",""sections"":[{""text"":""Contenu généré (placeholder)"",""title"":""Introduction""},{""text"":""…"",""title"":""Partie 1""}],""difficulty"":""intermediate""}","[""gen"",""fastapi""]",intermediate,30,96c4b623-f547-44a5-a495-77144fffd731,false,2025-12-22 17:19:46.377318+00,2025-12-22 17:19:46.377318+00,cours,0,,,
c586ccb1-59a0-49b2-a3c6-7891f006d0c0,"Données, confidentialité et RGPD",Les apprenants comprennent le rôle central des données dans le fonctionnement de l’IA ainsi que les enjeux liés à leur protection. Le module aborde également les bonnes pratiques et les bases du RGPD appliquées aux usages professionnels de l’IA.,course,"{""meta"":{""job"":""Tous métiers"",""tool"":"""",""image_url"":""https://levimrvwiimielomockm.supabase.co/storage/v1/object/public/modules-content/c586ccb1-59a0-49b2-a3c6-7891f006d0c0/cover.png"",""learning_objectives"":[""Les apprenants comprennent le rôle central des données dans le fonctionnement de l’IA ainsi que les enjeux liés à leur protection. Le module aborde également les bonnes pratiques et les bases du RGPD appliquées aux usages professionnels de l’IA."",""Identifier les risques liés au partage d’informations"",""Connaître les bases du RGPD appliquées à l’IA""]},""submodules"":[{""id"":""c5f0e01a-c5bd-4808-b38d-03f31c2fdaf0"",""price"":0,""title"":""Les données : carburant de l’IA"",""content"":{""quiz_meta"":{""title"":""Quiz - Les données : carburant de l’IA"",""image_url"":""https://levimrvwiimielomockm.supabase.co/storage/v1/object/public/modules-content/c586ccb1-59a0-49b2-a3c6-7891f006d0c0/submodules/c5f0e01a-c5bd-4808-b38d-03f31c2fdaf0/quiz/cover.jpg"",""estimated_duration"":4},""scorm_url"":""https://levimrvwiimielomockm.supabase.co/storage/v1/object/public/modules-content/c586ccb1-59a0-49b2-a3c6-7891f006d0c0/submodules/c5f0e01a-c5bd-4808-b38d-03f31c2fdaf0/scorm-1779572260908-x491ab/genially.html"",""quiz_scorm_url"":""https://levimrvwiimielomockm.supabase.co/storage/v1/object/public/modules-content/c586ccb1-59a0-49b2-a3c6-7891f006d0c0/submodules/c5f0e01a-c5bd-4808-b38d-03f31c2fdaf0/quiz-1779572724754-mljt99/genially.html"",""storage_prefix"":""c586ccb1-59a0-49b2-a3c6-7891f006d0c0/submodules/c5f0e01a-c5bd-4808-b38d-03f31c2fdaf0/scorm-1779572260908-x491ab"",""quiz_storage_prefix"":""c586ccb1-59a0-49b2-a3c6-7891f006d0c0/submodules/c5f0e01a-c5bd-4808-b38d-03f31c2fdaf0/quiz-1779572724754-mljt99""},""image_url"":""https://levimrvwiimielomockm.supabase.co/storage/v1/object/public/modules-content/c586ccb1-59a0-49b2-a3c6-7891f006d0c0/submodules/c5f0e01a-c5bd-4808-b38d-03f31c2fdaf0/cover.png"",""description"":""Découvrez pourquoi les données sont au cœur du fonctionnement des systèmes d’intelligence artificielle. Ce module explique comment les IA utilisent les données pour apprendre, s’améliorer et générer des résultats pertinents."",""estimated_duration"":15},{""id"":""443d0920-c39b-463e-8dcf-97fd9828f00d"",""price"":0,""title"":""Les risques liés aux données"",""content"":{""quiz_meta"":{""title"":""Quiz - Les risques liés aux données"",""image_url"":""https://levimrvwiimielomockm.supabase.co/storage/v1/object/public/modules-content/c586ccb1-59a0-49b2-a3c6-7891f006d0c0/submodules/443d0920-c39b-463e-8dcf-97fd9828f00d/quiz/cover.jpg"",""estimated_duration"":5},""scorm_url"":""https://levimrvwiimielomockm.supabase.co/storage/v1/object/public/modules-content/c586ccb1-59a0-49b2-a3c6-7891f006d0c0/submodules/443d0920-c39b-463e-8dcf-97fd9828f00d/scorm-1779572851741-xq58az/genially.html"",""quiz_scorm_url"":""https://levimrvwiimielomockm.supabase.co/storage/v1/object/public/modules-content/c586ccb1-59a0-49b2-a3c6-7891f006d0c0/submodules/443d0920-c39b-463e-8dcf-97fd9828f00d/quiz-1779573232204-1l15pv/genially.html"",""storage_prefix"":""c586ccb1-59a0-49b2-a3c6-7891f006d0c0/submodules/443d0920-c39b-463e-8dcf-97fd9828f00d/scorm-1779572851741-xq58az"",""quiz_storage_prefix"":""c586ccb1-59a0-49b2-a3c6-7891f006d0c0/submodules/443d0920-c39b-463e-8dcf-97fd9828f00d/quiz-1779573232204-1l15pv""},""image_url"":""https://levimrvwiimielomockm.supabase.co/storage/v1/object/public/modules-content/c586ccb1-59a0-49b2-a3c6-7891f006d0c0/submodules/443d0920-c39b-463e-8dcf-97fd9828f00d/cover.png"",""description"":""Apprenez à identifier les principaux risques liés au partage d’informations avec des outils d’IA dans un contexte professionnel. Ce module sensibilise aux enjeux de confidentialité, de sécurité et de protection des données sensibles."",""estimated_duration"":15},{""id"":""04273c2e-a933-4e65-9223-1ddbe03b30b3"",""price"":0,""title"":""Les bases du RGPD appliquées à l’IA"",""content"":{""quiz_meta"":{""title"":""Quiz - Les bases du RGPD appliquées à l’IA"",""image_url"":""https://levimrvwiimielomockm.supabase.co/storage/v1/object/public/modules-content/c586ccb1-59a0-49b2-a3c6-7891f006d0c0/submodules/04273c2e-a933-4e65-9223-1ddbe03b30b3/quiz/cover.jpg"",""estimated_duration"":5},""scorm_url"":""https://levimrvwiimielomockm.supabase.co/storage/v1/object/public/modules-content/c586ccb1-59a0-49b2-a3c6-7891f006d0c0/submodules/04273c2e-a933-4e65-9223-1ddbe03b30b3/scorm-1779573372047-maj9l9/genially.html"",""quiz_scorm_url"":""https://levimrvwiimielomockm.supabase.co/storage/v1/object/public/modules-content/c586ccb1-59a0-49b2-a3c6-7891f006d0c0/submodules/04273c2e-a933-4e65-9223-1ddbe03b30b3/quiz-1779573782220-n8l6un/genially.html"",""storage_prefix"":""c586ccb1-59a0-49b2-a3c6-7891f006d0c0/submodules/04273c2e-a933-4e65-9223-1ddbe03b30b3/scorm-1779573372047-maj9l9"",""quiz_storage_prefix"":""c586ccb1-59a0-49b2-a3c6-7891f006d0c0/submodules/04273c2e-a933-4e65-9223-1ddbe03b30b3/quiz-1779573782220-n8l6un""},""image_url"":""https://levimrvwiimielomockm.supabase.co/storage/v1/object/public/modules-content/c586ccb1-59a0-49b2-a3c6-7891f006d0c0/submodules/04273c2e-a933-4e65-9223-1ddbe03b30b3/cover.png"",""description"":""Comprenez les règles essentielles du RGPD et leur application dans l’utilisation des outils d’intelligence artificielle. Vous découvrirez les bonnes pratiques pour utiliser l’IA tout en respectant les obligations de protection des données."",""estimated_duration"":15}],""deliverables"":[],""structure_version"":2}",[],beginner,30,4541e6eb-6f8f-4171-97ff-703d08bb74b3,true,2026-05-23 22:05:11.11+00,2026-05-23 22:05:11.11+00,,0,,,
d2faf8c9-7c37-4cd5-bf10-ecbb28fe8335,ia,Module généré automatiquement,course,"{""type"":""course"",""title"":""ia"",""sections"":[{""text"":""Contenu généré (placeholder)"",""title"":""Introduction""},{""text"":""…"",""title"":""Partie 1""}],""difficulty"":""intermediate""}","[""gen"",""fastapi""]",intermediate,30,96c4b623-f547-44a5-a495-77144fffd731,false,2025-12-29 13:57:01.639438+00,2025-12-29 13:57:01.639438+00,course,0,,,
dcc3deba-58eb-4cbc-bb6c-c234ba6b527c,"Limites, hallucinations et biais de l’IA","Ce module sensibilise aux limites actuelles de l’intelligence artificielle, notamment les erreurs, hallucinations et biais algorithmiques. Il développe une compréhension critique des risques liés à l’usage professionnel de l’IA.",course,"{""meta"":{""job"":""Tous métiers"",""tool"":"""",""image_url"":""https://levimrvwiimielomockm.supabase.co/storage/v1/object/public/modules-content/dcc3deba-58eb-4cbc-bb6c-c234ba6b527c/cover.png"",""learning_objectives"":[""Comprendre les limites actuelles de l’IA"",""Identifier les hallucinations et erreurs possibles"",""Analyser les biais algorithmiques et leurs impacts""]},""submodules"":[{""id"":""bec23030-7e62-4d2e-b0b7-b7d86116c586"",""price"":0,""title"":""Comprendre les limites de l’IA"",""content"":{""quiz_meta"":{""title"":""Quiz - Comprendre les limites de l’IA"",""image_url"":""https://levimrvwiimielomockm.supabase.co/storage/v1/object/public/modules-content/dcc3deba-58eb-4cbc-bb6c-c234ba6b527c/submodules/bec23030-7e62-4d2e-b0b7-b7d86116c586/quiz/cover.jpg"",""estimated_duration"":5},""scorm_url"":""https://levimrvwiimielomockm.supabase.co/storage/v1/object/public/modules-content/dcc3deba-58eb-4cbc-bb6c-c234ba6b527c/submodules/bec23030-7e62-4d2e-b0b7-b7d86116c586/scorm-1779446171980-3tbn54/genially.html"",""quiz_scorm_url"":""https://levimrvwiimielomockm.supabase.co/storage/v1/object/public/modules-content/dcc3deba-58eb-4cbc-bb6c-c234ba6b527c/submodules/bec23030-7e62-4d2e-b0b7-b7d86116c586/quiz-1779447019294-99ersj/genially.html"",""storage_prefix"":""dcc3deba-58eb-4cbc-bb6c-c234ba6b527c/submodules/bec23030-7e62-4d2e-b0b7-b7d86116c586/scorm-1779446171980-3tbn54"",""quiz_storage_prefix"":""dcc3deba-58eb-4cbc-bb6c-c234ba6b527c/submodules/bec23030-7e62-4d2e-b0b7-b7d86116c586/quiz-1779447019294-99ersj""},""image_url"":""https://levimrvwiimielomockm.supabase.co/storage/v1/object/public/modules-content/dcc3deba-58eb-4cbc-bb6c-c234ba6b527c/submodules/bec23030-7e62-4d2e-b0b7-b7d86116c586/cover.png"",""description"":""Comprenez pourquoi les systèmes d’intelligence artificielle peuvent produire des réponses inexactes, approximatives ou incohérentes. Ce module permet d’identifier les limites actuelles des IA et de développer un regard plus critique sur leurs résultats."",""estimated_duration"":15},{""id"":""564cd8e2-5d1c-485f-87a6-1c052aa2b123"",""price"":0,""title"":""Les hallucinations de l’IA"",""content"":{""quiz_meta"":{""title"":""Quiz - Les hallucinations de l’IA"",""image_url"":""https://levimrvwiimielomockm.supabase.co/storage/v1/object/public/modules-content/dcc3deba-58eb-4cbc-bb6c-c234ba6b527c/submodules/564cd8e2-5d1c-485f-87a6-1c052aa2b123/quiz/cover.jpg"",""estimated_duration"":5},""scorm_url"":""https://levimrvwiimielomockm.supabase.co/storage/v1/object/public/modules-content/dcc3deba-58eb-4cbc-bb6c-c234ba6b527c/submodules/564cd8e2-5d1c-485f-87a6-1c052aa2b123/scorm-1779447189421-a9a89p/genially.html"",""quiz_scorm_url"":""https://levimrvwiimielomockm.supabase.co/storage/v1/object/public/modules-content/dcc3deba-58eb-4cbc-bb6c-c234ba6b527c/submodules/564cd8e2-5d1c-485f-87a6-1c052aa2b123/quiz-1779447776836-sksfdk/genially.html"",""storage_prefix"":""dcc3deba-58eb-4cbc-bb6c-c234ba6b527c/submodules/564cd8e2-5d1c-485f-87a6-1c052aa2b123/scorm-1779447189421-a9a89p"",""quiz_storage_prefix"":""dcc3deba-58eb-4cbc-bb6c-c234ba6b527c/submodules/564cd8e2-5d1c-485f-87a6-1c052aa2b123/quiz-1779447776836-sksfdk""},""image_url"":""https://levimrvwiimielomockm.supabase.co/storage/v1/object/public/modules-content/dcc3deba-58eb-4cbc-bb6c-c234ba6b527c/submodules/564cd8e2-5d1c-485f-87a6-1c052aa2b123/cover.png"",""description"":""Découvrez ce qu’est une hallucination de l’IA et pourquoi certains modèles peuvent inventer des informations avec assurance. Vous apprendrez à reconnaître ces situations afin de limiter les risques d’erreurs dans un contexte professionnel."",""estimated_duration"":15},{""id"":""996184ea-dd73-4040-89ad-1a84caad8aaf"",""price"":0,""title"":""Les biais de l’IA"",""content"":{""quiz_meta"":{""title"":""Quiz - Les biais de l’IA"",""image_url"":""https://levimrvwiimielomockm.supabase.co/storage/v1/object/public/modules-content/dcc3deba-58eb-4cbc-bb6c-c234ba6b527c/submodules/996184ea-dd73-4040-89ad-1a84caad8aaf/quiz/cover.jpg"",""estimated_duration"":5},""scorm_url"":""https://levimrvwiimielomockm.supabase.co/storage/v1/object/public/modules-content/dcc3deba-58eb-4cbc-bb6c-c234ba6b527c/submodules/996184ea-dd73-4040-89ad-1a84caad8aaf/scorm-1779447930688-fqf133/genially.html"",""quiz_scorm_url"":""https://levimrvwiimielomockm.supabase.co/storage/v1/object/public/modules-content/dcc3deba-58eb-4cbc-bb6c-c234ba6b527c/submodules/996184ea-dd73-4040-89ad-1a84caad8aaf/quiz-1779448289313-5ufnw5/genially.html"",""storage_prefix"":""dcc3deba-58eb-4cbc-bb6c-c234ba6b527c/submodules/996184ea-dd73-4040-89ad-1a84caad8aaf/scorm-1779447930688-fqf133"",""quiz_storage_prefix"":""dcc3deba-58eb-4cbc-bb6c-c234ba6b527c/submodules/996184ea-dd73-4040-89ad-1a84caad8aaf/quiz-1779448289313-5ufnw5""},""image_url"":""https://levimrvwiimielomockm.supabase.co/storage/v1/object/public/modules-content/dcc3deba-58eb-4cbc-bb6c-c234ba6b527c/submodules/996184ea-dd73-4040-89ad-1a84caad8aaf/cover.png"",""description"":""Ce module explique comment les biais apparaissent dans les systèmes d’IA à partir des données ou des modèles utilisés. Vous découvrirez leurs impacts possibles dans différents contextes professionnels et les bonnes pratiques pour les identifier."",""estimated_duration"":15}],""deliverables"":[],""structure_version"":2}",[],beginner,45,4541e6eb-6f8f-4171-97ff-703d08bb74b3,true,2026-05-22 11:13:41.886+00,2026-05-22 11:13:41.886+00,,0,,,
e156dfe4-6c05-4b1a-815a-ad1d8c4be6b9,IA pour la création de contenus marketing,"Ce module permet de découvrir comment l’intelligence artificielle peut accompagner les professionnels du marketing dans la création de contenus. Les apprenants apprennent à utiliser l’IA pour générer des idées, rédiger des contenus, produire des publications adaptées aux réseaux sociaux, créer des visuels et optimiser l’impact de leurs campagnes. L’objectif est de gagner en efficacité tout en améliorant la qualité et la pertinence des contenus marketing produits.",course,"{""meta"":{""job"":""Marketing & Communication"",""tool"":"""",""image_url"":""https://levimrvwiimielomockm.supabase.co/storage/v1/object/public/modules-content/e156dfe4-6c05-4b1a-815a-ad1d8c4be6b9/cover.png"",""learning_objectives"":[""Utiliser l’IA pour générer rapidement des idées de contenus marketing."",""Rédiger des contenus marketing adaptés à différents objectifs de communication."",""Exploiter l’IA pour créer ou enrichir des visuels marketing."",""Produire des contenus optimisés pour les réseaux sociaux.""]},""submodules"":[{""id"":""ca4f7e1c-4be2-46e2-bf2c-a46dbdb32cf5"",""price"":0,""title"":""Générer des idées de contenus"",""content"":{""quiz_meta"":{""title"":""Quiz - Générer des idées de contenus"",""image_url"":""https://levimrvwiimielomockm.supabase.co/storage/v1/object/public/modules-content/e156dfe4-6c05-4b1a-815a-ad1d8c4be6b9/submodules/ca4f7e1c-4be2-46e2-bf2c-a46dbdb32cf5/quiz/cover.jpg"",""estimated_duration"":5},""scorm_url"":""https://levimrvwiimielomockm.supabase.co/storage/v1/object/public/modules-content/e156dfe4-6c05-4b1a-815a-ad1d8c4be6b9/submodules/ca4f7e1c-4be2-46e2-bf2c-a46dbdb32cf5/scorm-1780668078051-96chgn/genially.html"",""quiz_scorm_url"":""https://levimrvwiimielomockm.supabase.co/storage/v1/object/public/modules-content/e156dfe4-6c05-4b1a-815a-ad1d8c4be6b9/submodules/ca4f7e1c-4be2-46e2-bf2c-a46dbdb32cf5/quiz-1780668710866-lp5p4v/genially.html"",""storage_prefix"":""e156dfe4-6c05-4b1a-815a-ad1d8c4be6b9/submodules/ca4f7e1c-4be2-46e2-bf2c-a46dbdb32cf5/scorm-1780668078051-96chgn"",""quiz_storage_prefix"":""e156dfe4-6c05-4b1a-815a-ad1d8c4be6b9/submodules/ca4f7e1c-4be2-46e2-bf2c-a46dbdb32cf5/quiz-1780668710866-lp5p4v""},""image_url"":""https://levimrvwiimielomockm.supabase.co/storage/v1/object/public/modules-content/e156dfe4-6c05-4b1a-815a-ad1d8c4be6b9/submodules/ca4f7e1c-4be2-46e2-bf2c-a46dbdb32cf5/cover.png"",""description"":""Trouver régulièrement de nouvelles idées de contenus peut être chronophage pour les équipes marketing. Dans ce module, vous découvrirez comment utiliser l’intelligence artificielle pour générer rapidement des idées adaptées à vos objectifs de communication, à votre secteur d’activité et à vos audiences. Vous apprendrez à exploiter l’IA pour identifier des thématiques pertinentes, varier vos angles de communication et alimenter efficacement votre stratégie de contenu."",""estimated_duration"":15}],""deliverables"":[],""structure_version"":2}","[""Marketing"",""Communication"",""Contenus""]",advanced,90,4541e6eb-6f8f-4171-97ff-703d08bb74b3,true,2026-06-05 14:21:08.435+00,2026-06-05 14:21:08.436+00,,0,,,
e379f479-3b31-4335-a207-381b47d9c5aa,IA,Module généré automatiquement,course,"{""type"":""course"",""title"":""IA"",""sections"":[{""text"":""Contenu généré (placeholder)"",""title"":""Introduction""},{""text"":""…"",""title"":""Partie 1""}],""difficulty"":""intermediate""}","[""gen"",""fastapi""]",intermediate,30,96c4b623-f547-44a5-a495-77144fffd731,false,2025-12-29 09:30:22.622193+00,2025-12-29 09:30:22.622193+00,course,0,,,
eba5281f-4722-4f68-88a8-245542877b11,L’IA comme levier stratégique,Ce module montre comment l’intelligence artificielle transforme les organisations et les modèles de fonctionnement des entreprises.,course,"{""meta"":{""job"":""Dirigeant"",""tool"":"""",""image_url"":""https://levimrvwiimielomockm.supabase.co/storage/v1/object/public/modules-content/eba5281f-4722-4f68-88a8-245542877b11/cover.png"",""learning_objectives"":[""Identifier les impacts de l’IA sur les organisations"",""Comprendre le rôle de l’IA dans la transformation des entreprises""]},""submodules"":[{""id"":""c4cc56d2-0bac-497e-b8f3-5c4343002b28"",""price"":0,""title"":""Comprendre l’IA comme levier de transformation"",""content"":{""quiz_meta"":{""title"":""Quiz - Comprendre l’IA comme levier de transformation"",""image_url"":""https://levimrvwiimielomockm.supabase.co/storage/v1/object/public/modules-content/eba5281f-4722-4f68-88a8-245542877b11/submodules/c4cc56d2-0bac-497e-b8f3-5c4343002b28/quiz/cover.jpg"",""estimated_duration"":5},""scorm_url"":""https://levimrvwiimielomockm.supabase.co/storage/v1/object/public/modules-content/eba5281f-4722-4f68-88a8-245542877b11/submodules/c4cc56d2-0bac-497e-b8f3-5c4343002b28/scorm-1779799426020-xoxcas/genially.html"",""quiz_scorm_url"":""https://levimrvwiimielomockm.supabase.co/storage/v1/object/public/modules-content/eba5281f-4722-4f68-88a8-245542877b11/submodules/c4cc56d2-0bac-497e-b8f3-5c4343002b28/quiz-1779799810333-irbcyy/genially.html"",""storage_prefix"":""eba5281f-4722-4f68-88a8-245542877b11/submodules/c4cc56d2-0bac-497e-b8f3-5c4343002b28/scorm-1779799426020-xoxcas"",""quiz_storage_prefix"":""eba5281f-4722-4f68-88a8-245542877b11/submodules/c4cc56d2-0bac-497e-b8f3-5c4343002b28/quiz-1779799810333-irbcyy""},""image_url"":""https://levimrvwiimielomockm.supabase.co/storage/v1/object/public/modules-content/eba5281f-4722-4f68-88a8-245542877b11/submodules/c4cc56d2-0bac-497e-b8f3-5c4343002b28/cover.png"",""description"":""Ce module montre comment l’intelligence artificielle transforme les organisations et les modèles de fonctionnement des entreprises."",""estimated_duration"":15}],""deliverables"":[],""structure_version"":2}",[],advanced,60,4541e6eb-6f8f-4171-97ff-703d08bb74b3,true,2026-05-26 12:52:17.839+00,2026-05-26 12:52:17.839+00,,0,,,
f614db92-ff71-4e72-aa05-2c0f303e9d1f,ChatGPT : prise en main et usages professionnels,Ce module permet de découvrir l’interface et les principales fonctionnalités de ChatGPT dans un contexte professionnel. Les apprenants apprennent à structurer leurs prompts et à optimiser leurs interactions pour obtenir des réponses pertinentes et exploitables.,course,"{""meta"":{""job"":""Tous métiers"",""tool"":""ChatGPT"",""image_url"":""https://levimrvwiimielomockm.supabase.co/storage/v1/object/public/modules-content/f614db92-ff71-4e72-aa05-2c0f303e9d1f/cover.png"",""learning_objectives"":[""Découvrir l’interface et les fonctionnalités de ChatGPT"",""Structurer des prompts efficaces"",""Utiliser ChatGPT dans des usages professionnels"",""Optimiser les interactions avec l’IA""]},""submodules"":[{""id"":""1a3d8f27-0499-43bb-8b33-b79bc1138655"",""price"":0,""title"":""Découvrir l’interface ChatGPT"",""content"":{""quiz_meta"":{""title"":""Quiz - Découvrir l’interface ChatGPT"",""image_url"":""https://levimrvwiimielomockm.supabase.co/storage/v1/object/public/modules-content/f614db92-ff71-4e72-aa05-2c0f303e9d1f/submodules/1a3d8f27-0499-43bb-8b33-b79bc1138655/quiz/cover.jpg"",""estimated_duration"":5},""scorm_url"":""https://levimrvwiimielomockm.supabase.co/storage/v1/object/public/modules-content/f614db92-ff71-4e72-aa05-2c0f303e9d1f/submodules/1a3d8f27-0499-43bb-8b33-b79bc1138655/scorm-1779802806577-1ozje0/genially.html"",""quiz_scorm_url"":""https://levimrvwiimielomockm.supabase.co/storage/v1/object/public/modules-content/f614db92-ff71-4e72-aa05-2c0f303e9d1f/submodules/1a3d8f27-0499-43bb-8b33-b79bc1138655/quiz-1779803133049-92pzih/genially.html"",""storage_prefix"":""f614db92-ff71-4e72-aa05-2c0f303e9d1f/submodules/1a3d8f27-0499-43bb-8b33-b79bc1138655/scorm-1779802806577-1ozje0"",""quiz_storage_prefix"":""f614db92-ff71-4e72-aa05-2c0f303e9d1f/submodules/1a3d8f27-0499-43bb-8b33-b79bc1138655/quiz-1779803133049-92pzih""},""image_url"":""https://levimrvwiimielomockm.supabase.co/storage/v1/object/public/modules-content/f614db92-ff71-4e72-aa05-2c0f303e9d1f/submodules/1a3d8f27-0499-43bb-8b33-b79bc1138655/cover.png"",""description"":""Ce module permet de découvrir l’interface de ChatGPT et ses principales fonctionnalités afin de prendre en main l’outil dans un contexte professionnel."",""estimated_duration"":15}],""deliverables"":[],""structure_version"":2}",[],beginner,60,4541e6eb-6f8f-4171-97ff-703d08bb74b3,true,2026-05-26 13:47:37.724+00,2026-05-26 13:47:37.724+00,,0,,,