id,title,slug,promise,short_description,full_description,type,metier,niveau,plan_required,duration_minutes,tags,instructions,content_inline,file_path,file_name,file_mime_type,file_size,module_parent_id,kit_id,version,status,created_at,updated_at,published_at
0305a97a-d4f2-4f28-9202-4fb991ab254b,Évaluer mon prompt avant de l’envoyer,valuer-mon-prompt-avant-de-l-envoyer,Augmentez immédiatement la qualité de vos réponses IA grâce à une auto-évaluation rapide de vos prompts.,Une checklist en 8 critères pour vérifier qu’un prompt contient tous les éléments nécessaires.,"Cette grille permet d’analyser la qualité d’un prompt avant son envoi à l’IA. Elle aide à vérifier la clarté de l’objectif, le contexte, le format, le ton ou encore les contraintes fournies. L’utilisateur peut ainsi corriger les faiblesses de son prompt et obtenir des résultats plus pertinents dès la première génération.",checklist,transversal,fondation,essential,2,"[""Prompting"",""Checklist"",""Efficacité""]",,PDF,0305a97a-d4f2-4f28-9202-4fb991ab254b/20260602092228_08-cl-evaluer-mon-prompt.pdf,08_CL_Evaluer_Mon_Prompt.pdf,application/pdf,1991288,,,1,published,2026-06-02 09:22:05.329065+00,2026-06-02 20:43:26.021725+00,2026-06-02 20:43:26.021725+00
0c4a7b8b-93eb-4e32-b8fd-3f090b5048d2,Communiquer dans les situations délicates,communiquer-dans-les-situations-d-licates-1,"Gérez les messages sensibles avec professionnalisme, même dans les situations les plus délicates.","Un ensemble de prompts pour rédiger des relances, refus, recadrages ou réponses à des messages difficiles.","Cette ressource aide les professionnels à utiliser l’IA pour gérer des communications complexes avec davantage de recul et de maîtrise. Les modèles proposés couvrent les principales situations délicates rencontrées en entreprise. Chaque prompt est conçu pour préserver la relation tout en transmettant un message clair, ferme et professionnel.",prompt_pack,transversal,fondation,essential,5,"[""Communication"",""Management"",""Relationnel""]",,PDF,0c4a7b8b-93eb-4e32-b8fd-3f090b5048d2/20260602091116_04-pp-communications-difficiles.pdf,04_PP_Communications_Difficiles.pdf,application/pdf,1994740,,,1,published,2026-06-02 09:10:53.592053+00,2026-06-02 20:42:07.639875+00,2026-06-02 20:42:07.639875+00
1c094885-2705-4d0c-88af-6b3f51457d86,Ma journée pilotée par l’IA — le système complet,ma-journ-e-pilot-e-par-l-ia-le-syst-me-complet,Intégrez l’IA à chaque étape de votre journée pour gagner jusqu’à 90 minutes par jour.,"Workflow complet permettant d’utiliser l’IA comme copilote quotidien pour planifier, arbitrer et clôturer sa journée.","Ce workflow présente une méthode avancée d’intégration de l’IA dans les routines professionnelles quotidiennes. L’utilisateur découvre comment utiliser l’IA pour prioriser ses tâches le matin, réajuster ses priorités à mi-journée et préparer efficacement la journée suivante. L’objectif est de réduire la fatigue décisionnelle tout en améliorant la qualité du travail réalisé.",workflow,transversal,fondation,essential,30,"[""Productivité"",""Organisation"",""Copilote IA""]",,PDF,1c094885-2705-4d0c-88af-6b3f51457d86/20260602130200_21-wf-journee-pilotee-ia.pdf,21_WF_Journee_Pilotee_IA.pdf,application/pdf,1992365,,,1,published,2026-06-02 13:01:39.527749+00,2026-06-02 20:41:21.998611+00,2026-06-02 20:41:21.998611+00
248457c6-5536-4aab-96b5-f7bda7648576,Spec fonctionnelle IA pour équipe,spec-fonctionnelle-ia-pour-quipe,Capitalisez les bonnes pratiques IA de votre équipe et facilitez leur transmission.,Template de documentation destiné à formaliser un usage IA réutilisable par toute une équipe.,"Cette ressource permet de documenter de manière structurée un processus IA afin qu’il puisse être reproduit par d’autres collaborateurs. Elle couvre les objectifs, les prompts utilisés, les exemples, les règles d’usage et les indicateurs de performance. Un outil clé pour standardiser et pérenniser les pratiques IA en entreprise.",template,transversal,fondation,practitioner,30,"[""Documentation"",""Standardisation"",""Processus""]",,PDF,248457c6-5536-4aab-96b5-f7bda7648576/20260602132537_25-tpl-spec-fonctionnelle-ia-equipe.pdf,25_TPL_Spec_Fonctionnelle_IA_Equipe.pdf,application/pdf,1992895,,,1,published,2026-06-02 13:25:16.196875+00,2026-06-02 20:49:05.201473+00,2026-06-02 20:49:05.201473+00
27cb973b-0490-4e60-bfda-db04983f0024,Construire un pipeline IA multi-étapes,construire-un-pipeline-ia-multi-tapes,Transformez un brief imprécis en livrable professionnel grâce à une méthode de prompting avancée.,Workflow permettant de chaîner plusieurs prompts pour améliorer significativement la qualité des résultats IA.,"Ce workflow présente une méthode avancée consistant à décomposer une tâche complexe en plusieurs étapes de prompting. L’utilisateur apprend à structurer un projet, produire le contenu section par section puis solliciter l’IA pour une relecture critique avant validation finale. Cette approche permet d’obtenir des livrables plus fiables, mieux structurés et plus adaptés aux attentes professionnelles.",workflow,transversal,fondation,essential,15,"[""Pipeline IA"",""Prompting avancé"",""Productivité""]",,PDF,27cb973b-0490-4e60-bfda-db04983f0024/20260602094752_11-wf-pipeline-ia-multi-etapes.pdf,11_WF_Pipeline_IA_Multi_Etapes.pdf,application/pdf,1992623,,,1,published,2026-06-02 09:47:27.97966+00,2026-06-02 20:44:05.724308+00,2026-06-02 20:44:05.724308+00
33bb2b12-d2d5-41ff-98fe-c70d93164a3c,Fiche prospect enrichie par l’IA,fiche-prospect-enrichie-par-l-ia,Préparez chaque rendez-vous commercial avec une vision complète et structurée de votre prospect.,Template permettant de centraliser les informations clés d’un prospect avant un appel ou une réunion.,"Cette fiche aide les commerciaux à regrouper les informations essentielles sur une entreprise, un contact et ses enjeux potentiels. Grâce aux prompts intégrés, l’IA enrichit automatiquement le contexte, identifie des opportunités commerciales et facilite la préparation des questions de découverte. Un support idéal pour professionnaliser les premiers échanges.",template,commercial,fondation,essential,10,"[""Prospection"",""Qualification"",""Préparation""]",,PDF,33bb2b12-d2d5-41ff-98fe-c70d93164a3c/20260602202857_33-tpl-fiche-prospect-ia.pdf,33_TPL_Fiche_Prospect_IA.pdf,application/pdf,1992951,,,1,draft,2026-06-02 20:28:36.348129+00,2026-06-02 20:28:59.473107+00,
34b4574e-0667-42cf-b87b-ea504813812c,Prompts Chain-of-Thought — Forcer l’IA à raisonner,prompts-chain-of-thought-forcer-l-ia-raisonner,Obtenez des réponses plus fiables et approfondies grâce au raisonnement guidé de l’IA.,Pack de prompts permettant d’exploiter les techniques de raisonnement étape par étape.,"Cette ressource présente plusieurs modèles de prompts basés sur le Chain-of-Thought, une approche permettant d’améliorer la qualité des réponses sur des problématiques complexes. Les utilisateurs découvrent comment demander à l’IA de décomposer un problème, explorer plusieurs scénarios ou confronter différents points de vue avant de conclure.",prompt_pack,transversal,fondation,essential,30,"[""Raisonnement"",""Chain of Thought"",""Analyse""]",,PDF,34b4574e-0667-42cf-b87b-ea504813812c/20260602115019_14-pp-prompts-chain-of-thought.pdf,14_PP_Prompts_Chain_of_Thought.pdf,application/pdf,1996857,,,1,published,2026-06-02 11:49:57.753312+00,2026-06-02 20:45:15.803963+00,2026-06-02 20:45:15.803963+00
42c2a99d-d965-498d-930c-a3697d05abfb,Créer son système IA de délégation autonome,cr-er-son-syst-me-ia-de-d-l-gation-autonome,Transformez une tâche récurrente en système IA capable de fonctionner presque sans intervention.,Workflow permettant de construire un assistant IA spécialisé sur une tâche métier répétitive.,"Cette méthode guide les utilisateurs dans la création de systèmes IA autonomes capables d’exécuter des tâches standardisées. Le workflow couvre l’identification de la tâche, la documentation du processus, la conception du prompt système et le déploiement dans un Custom GPT ou un projet Claude. Une approche idéale pour industrialiser les usages IA.",workflow,transversal,fondation,practitioner,240,"[""Automatisation"",""Custom GPT"",""Délégation""]",,PDF,42c2a99d-d965-498d-930c-a3697d05abfb/20260602131939_22-wf-delegation-ia-autonome.pdf,22_WF_Delegation_IA_Autonome.pdf,application/pdf,1992003,,,1,published,2026-06-02 13:19:17.123794+00,2026-06-02 20:48:18.00769+00,2026-06-02 20:48:18.00769+00
523cce94-1205-4298-9427-5b7062756f11,Compte-rendu de réunion avec l’IA,compte-rendu-de-r-union-avec-l-ia,Transformez vos notes brutes en compte-rendu structuré et partageable en seulement 10 minutes.,Une méthode simple pour convertir des notes de réunion désorganisées en compte-rendu professionnel grâce à l’IA.,"Ce workflow montre comment capturer les informations essentielles pendant une réunion puis les transformer en compte-rendu structuré avec l’IA. Il met l’accent sur les décisions, les actions et les points ouverts afin de produire un document immédiatement exploitable. Des conseils de vérification garantissent la fiabilité du résultat avant son partage.",workflow,transversal,fondation,discovery,10,"[""Réunion"",""Synthèse"",""Collaboration""]",,PDF,523cce94-1205-4298-9427-5b7062756f11/20260601213621_02-wf-compte-rendu-reunion.pdf,02_WF_Compte_Rendu_Reunion.pdf,application/pdf,1992350,,,1,published,2026-06-01 21:36:00.954525+00,2026-06-01 21:36:23.762031+00,2026-06-01 21:36:00.532826+00
549ba64f-d475-4270-9d8c-f13155c14000,Créer son Custom GPT en 7 étapes,cr-er-son-custom-gpt-en-7-tapes,Concevez et déployez votre premier assistant IA personnalisé de manière structurée.,Fiche mémo récapitulant les étapes clés de création et de déploiement d’un Custom GPT.,"Cette fiche synthétique présente les sept étapes essentielles pour concevoir un assistant IA personnalisé : choix du cas d’usage, documentation du processus, rédaction du system prompt, création, tests, optimisation et déploiement. Elle sert de guide de référence rapide pour tout projet de Custom GPT ou de Claude Project.",fiche_memo,transversal,fondation,practitioner,5,"[""Custom GPT"",""IA Générative"",""Automatisation""]",,PDF,549ba64f-d475-4270-9d8c-f13155c14000/20260602141954_30-fm-custom-gpt-7-etapes.pdf,30_FM_Custom_GPT_7_Etapes.pdf,application/pdf,1990010,,,1,published,2026-06-02 14:18:49.362159+00,2026-06-02 21:15:28.850951+00,2026-06-02 21:15:28.850951+00
68edd212-ffd2-4570-a528-a21519206708,Revue qualité — valider un livrable co-produit avec l’IA,revue-qualit-valider-un-livrable-co-produit-avec-l-ia,Réduisez les erreurs et sécurisez tous vos contenus générés avec l’IA.,Checklist avancée de validation qualité avant diffusion d’un livrable.,"Cette checklist propose quinze points de contrôle permettant de vérifier la fiabilité, l’authenticité, la cohérence et la conformité d’un document produit avec l’aide de l’IA. Elle aide à limiter les risques liés aux hallucinations, aux erreurs factuelles ou aux formulations trop génériques.",checklist,transversal,fondation,essential,5,"[""Qualité"",""Contrôle"",""Vérification""]",,,68edd212-ffd2-4570-a528-a21519206708/20260602115738_18-cl-qualite-livrable-ia.pdf,18_CL_Qualite_Livrable_IA.pdf,application/pdf,1991494,,,1,published,2026-06-02 11:57:17.482089+00,2026-06-02 20:46:41.293508+00,2026-06-02 20:46:41.293508+00
6d9e58ae-a9f6-4a46-8b0a-60d7a1fa0b72,Brief contenu pour déléguer à l’IA,brief-contenu-pour-d-l-guer-l-ia,Obtenez des contenus beaucoup plus pertinents grâce à un brief structuré.,Template marketing permettant de cadrer précisément une demande de création de contenu.,"Ce modèle aide les utilisateurs à définir le sujet, le public, le message, le ton et les objectifs d’un contenu avant de solliciter l’IA. En réduisant les imprécisions dès le départ, il améliore considérablement la qualité des productions générées et limite les allers-retours de correction.",template,marketing,fondation,essential,5,"[""Brief"",""Marketing de contenu"",""Prompting""]",,PDF,6d9e58ae-a9f6-4a46-8b0a-60d7a1fa0b72/20260602203250_36-tpl-brief-contenu-ia.pdf,36_TPL_Brief_Contenu_IA.pdf,application/pdf,1992774,,,1,published,2026-06-02 20:32:29.145656+00,2026-06-02 20:32:52.488452+00,2026-06-02 20:32:29.051401+00
75418945-9487-4c25-bb75-cd63245fd46a,Système de veille IA hebdomadaire automatisée,syst-me-de-veille-ia-hebdomadaire-automatis-e,Restez informé des évolutions majeures de l’IA sans passer des heures en veille.,Workflow structuré permettant d’organiser une veille IA pertinente et actionnable.,"Cette méthode propose un système complet de veille reposant sur une sélection de sources fiables, un processus de synthèse assisté par l’IA et un mécanisme de diffusion des informations clés. Elle permet aux professionnels et aux équipes de rester à jour tout en limitant la surcharge informationnelle.",script_auto,transversal,fondation,practitioner,30,"[""Veille IA"",""Innovation"",""Tendances""]",,PDF,75418945-9487-4c25-bb75-cd63245fd46a/20260602141719_29-sa-veille-ia-hebdomadaire.pdf,29_SA_Veille_IA_Hebdomadaire.pdf,application/pdf,1992304,,,1,published,2026-06-02 14:16:17.418641+00,2026-06-02 20:50:03.795524+00,2026-06-02 20:50:03.795524+00
77e8bc41-fba0-4912-9c15-0cddbe0f3cc0,Audit de maturité IA — niveau organisation,audit-de-maturit-ia-niveau-organisation,Mesurez précisément le niveau de maturité IA de votre organisation et définissez vos priorités.,Grille d’évaluation stratégique couvrant les principaux piliers de la transformation IA.,"Cet audit permet d’évaluer une organisation selon cinq dimensions clés : adoption, gouvernance, compétences, mesure de la performance et culture. Les résultats permettent d’identifier les écarts entre la situation actuelle et les objectifs à atteindre afin de construire une feuille de route IA cohérente.",checklist,transversal,fondation,practitioner,60,"[""Audit"",""Transformation IA"",""Gouvernance""]",,PDF,77e8bc41-fba0-4912-9c15-0cddbe0f3cc0/20260602140722_27-cl-audit-maturite-ia-organisation.pdf,27_CL_Audit_Maturite_IA_Organisation.pdf,application/pdf,1993194,,,1,published,2026-06-02 14:06:02.043993+00,2026-06-02 20:49:36.294812+00,2026-06-02 20:49:36.294812+00
780471cf-c7a7-415a-9221-486e81241e9b,Choisir le bon outil IA — Claude · ChatGPT · Gemini,choisir-le-bon-outil-ia-claude-chatgpt-gemini,Sélectionnez rapidement l’outil IA le plus adapté à votre besoin professionnel.,"Un guide comparatif pour comprendre les forces, limites et usages de Claude, ChatGPT et Gemini.","Cette fiche aide les utilisateurs à choisir le bon assistant IA selon leur objectif : rédaction, recherche, analyse documentaire, génération d’idées ou traitement de données. Elle compare les principaux outils du marché et fournit des recommandations simples pour éviter les mauvais choix. Un véritable aide-mémoire pour gagner du temps au quotidien.",fiche_memo,transversal,fondation,discovery,3,"[""Outils IA"",""Comparatif"",""Productivité""]",,PDF,780471cf-c7a7-415a-9221-486e81241e9b/20260602092433_09-fm-choisir-son-outil-ia.pdf,09_FM_Choisir_Son_Outil_IA.pdf,application/pdf,1989751,,,1,published,2026-06-02 09:24:10.648362+00,2026-06-02 09:24:35.194097+00,2026-06-02 09:24:10.210876+00
78c96480-8df8-4b69-976d-71713baed12b,12 points avant de valider un livrable IA,12-points-avant-de-valider-un-livrable-ia,Sécurisez vos productions IA avant diffusion grâce à une checklist de contrôle qualité.,"Une checklist complète pour vérifier la fiabilité, la cohérence et la pertinence d’un contenu généré par l’IA.","Cette ressource aide à identifier les erreurs les plus fréquentes des contenus générés par l’IA avant leur partage. Elle couvre la vérification des faits, des chiffres, du ton, des sources et de la personnalisation. Utilisée systématiquement, elle permet de réduire les risques d’erreurs et d’améliorer la qualité des livrables professionnels.",checklist,transversal,fondation,essential,5,"[""Qualité"",""Vérification"",""Fiabilité""]",,PDF,78c96480-8df8-4b69-976d-71713baed12b/20260602092039_07-cl-qualite-livrable-ia.pdf,07_CL_Qualite_Livrable_IA.pdf,application/pdf,1990925,,,1,published,2026-06-02 09:20:15.647285+00,2026-06-02 20:43:10.194261+00,2026-06-02 20:43:10.194261+00
7903a9ab-c291-4495-b241-a030dbea4359,"10 prompts experts — Analyse, synthèse & décision",10-prompts-experts-analyse-synth-se-d-cision,Utilisez l’IA comme un véritable partenaire d’analyse et d’aide à la décision.,"Bibliothèque de prompts avancés pour analyser, comparer, prioriser et challenger des décisions professionnelles.","Ce pack rassemble dix prompts conçus pour les utilisateurs souhaitant dépasser les usages basiques de l’IA. Les modèles couvrent l’analyse critique, la synthèse exécutive, l’aide à la décision, la priorisation, les scénarios prospectifs et les diagnostics stratégiques. Chaque prompt transforme l’IA en outil de réflexion et de prise de recul.",prompt_pack,transversal,fondation,essential,20,"[""Analyse"",""Décision"",""Stratégie""]",,PDF,7903a9ab-c291-4495-b241-a030dbea4359/20260602114816_13-pp-10-prompts-experts-analyse.pdf,13_PP_10_Prompts_Experts_Analyse.pdf,application/pdf,2005467,,,1,published,2026-06-02 11:47:55.041977+00,2026-06-02 20:45:01.294894+00,2026-06-02 20:45:01.294894+00
7f48b6a5-51e2-487a-9196-e72c40452593,Méta-Prompts — les prompts qui améliorent vos prompts,m-ta-prompts-les-prompts-qui-am-liorent-vos-prompts,"Utilisez l’IA pour concevoir, tester et optimiser vos propres prompts professionnels.",Pack avancé de méta-prompts dédiés au prompt engineering et à l’amélioration continue des usages IA.,"Cette bibliothèque rassemble huit méta-prompts permettant d’améliorer des prompts existants, d’en créer de nouveaux, de tester leur robustesse ou encore de documenter une bibliothèque de prompts. Elle s’adresse aux utilisateurs souhaitant professionnaliser et industrialiser leurs pratiques de prompting.",prompt_pack,transversal,fondation,practitioner,10,"[""Prompt Engineering"",""Optimisation"",""IA""]",,PDF,,,,0,,,1,published,2026-06-02 13:21:48.676506+00,2026-06-02 20:48:35.277817+00,2026-06-02 20:48:35.277817+00
83f2137e-0d4c-45f4-81a8-68765efb6963,Automatiser ses résumés de réunion avec l’IA,automatiser-ses-r-sum-s-de-r-union-avec-l-ia,Passez du transcript brut au compte-rendu exploitable en quelques minutes.,Automatisation prête à l’emploi pour générer des comptes-rendus structurés à partir de réunions.,"Cette ressource propose un workflow complet permettant de transformer automatiquement des notes ou des transcriptions de réunion en comptes-rendus professionnels. Grâce à un prompt optimisé et à des outils de transcription compatibles, les utilisateurs réduisent considérablement le temps consacré à la synthèse post-réunion.",script_auto,transversal,fondation,essential,2,"[""Automatisation"",""Réunion"",""Productivité""]",,PDF,83f2137e-0d4c-45f4-81a8-68765efb6963/20260602115954_19-sa-resumes-reunion-auto.pdf,19_SA_Resumes_Reunion_Auto.pdf,application/pdf,1992390,,,1,published,2026-06-02 11:59:33.579119+00,2026-06-02 20:46:56.801428+00,2026-06-02 20:46:56.801428+00
8763428f-c6b8-4363-94ed-2963d2aa68c3,8 prompts copywriting — Fondation Marketing,8-prompts-copywriting-fondation-marketing,Produisez plus rapidement des contenus marketing convaincants et impactants.,Pack de prompts dédiés aux fondamentaux du copywriting assisté par l’IA.,"Cette ressource couvre les principaux besoins rédactionnels marketing : accroches, descriptions produits, emails, CTA, storytelling, slogans, FAQ et témoignages clients. Chaque prompt est conçu pour générer plusieurs variantes et accélérer la production de contenus performants tout en conservant une cohérence de marque.",prompt_pack,marketing,fondation,essential,15,"[""Copywriting"",""Marketing"",""Contenu""]",,PDF,8763428f-c6b8-4363-94ed-2963d2aa68c3/20260602203131_35-pp-prompts-copywriting-fondation.pdf,35_PP_Prompts_Copywriting_Fondation.pdf,application/pdf,1999792,,,1,published,2026-06-02 20:31:09.599551+00,2026-06-02 20:31:33.418195+00,2026-06-02 20:31:09.342301+00
8848dd3e-45da-4ddb-b623-87db0cec30c9,Compte-rendu de réunion - augmenté IA,compte-rendu-de-r-union-augment-ia,Standardisez vos comptes-rendus grâce à un modèle prêt à l’emploi optimisé pour l’IA.,Un template réutilisable pour produire rapidement des comptes-rendus complets et professionnels.,"Ce modèle fournit une structure claire permettant de formaliser les décisions, actions et points ouverts d’une réunion. L’IA peut ensuite compléter ou reformuler les différentes sections pour gagner du temps. L’exemple fourni aide à comprendre le niveau de détail attendu et à homogénéiser les pratiques de reporting.",template,transversal,fondation,discovery,5,"[""Réunion"",""Template"",""Reporting""]",,PDF,8848dd3e-45da-4ddb-b623-87db0cec30c9/20260602091805_06-tpl-compte-rendu-augmente.pdf,06_TPL_Compte_Rendu_Augmente.pdf,application/pdf,1991272,,,1,published,2026-06-02 09:17:43.662867+00,2026-06-02 09:18:32.076174+00,2026-06-02 09:18:32.076174+00
94b67df2-1e7e-4ec7-b3c5-f720b0e92f64,System Prompts pour vos GPTs personnalisés,system-prompts-pour-vos-gpts-personnalis-s,Configurez des assistants IA spécialisés et adaptés à vos besoins métier.,Collection de modèles de system prompts prêts à être utilisés dans ChatGPT ou Claude Projects.,"Ce pack propose plusieurs modèles de system prompts conçus pour créer des assistants spécialisés en vente, marketing, management, RH, recherche ou stratégie. Chaque modèle définit le comportement, les objectifs et les limites de l’assistant afin d’obtenir des réponses plus cohérentes et adaptées au contexte professionnel.",prompt_pack,transversal,fondation,practitioner,15,"[""Custom GPT"",""System Prompt"",""Assistant IA""]",,PDF,94b67df2-1e7e-4ec7-b3c5-f720b0e92f64/20260602132326_24-pp-system-prompts-custom-gpt.pdf,24_PP_System_Prompts_Custom_GPT.pdf,application/pdf,1995154,,,1,published,2026-06-02 13:23:05.251159+00,2026-06-02 20:48:50.997191+00,2026-06-02 20:48:50.997191+00
95802d65-0354-43ca-9efb-5c28d41e8409,Construire son dashboard KPI avec l’IA,construire-son-dashboard-kpi-avec-l-ia,Définissez les indicateurs réellement utiles au pilotage de votre activité.,"Fiche mémo pour sélectionner, analyser et exploiter efficacement des KPIs.","Cette ressource présente les bonnes pratiques pour construire un tableau de bord pertinent, éviter les indicateurs inutiles et exploiter l’IA pour analyser les performances. Elle fournit également des exemples de KPIs par fonction et plusieurs prompts permettant d’identifier les indicateurs les plus adaptés à chaque contexte professionnel.",fiche_memo,finance_gestion,fondation,practitioner,5,"[""KPI"",""Tableau de bord"",""Pilotage""]",,PDF,95802d65-0354-43ca-9efb-5c28d41e8409/20260602203828_40-fm-kpi-dashboard-ia.pdf,40_FM_KPI_Dashboard_IA.pdf,application/pdf,1989843,,,1,published,2026-06-02 20:37:52.690021+00,2026-06-02 20:38:29.82796+00,2026-06-02 20:37:52.578411+00
9b6fd6a1-a3c1-4948-aa22-ad6cdcf49305,Cahier des charges pour délégation IA complexe,cahier-des-charges-pour-d-l-gation-ia-complexe,Obtenez dès la première génération un livrable proche de vos attentes.,Template structuré pour déléguer efficacement des projets complexes à l’IA.,"Ce modèle aide les utilisateurs à construire des demandes détaillées et complètes pour des projets nécessitant un haut niveau de précision. Il couvre le contexte, les objectifs, les contraintes, les références et les critères de validation. En réduisant les imprécisions, il limite les itérations et améliore fortement la qualité des résultats générés.",template,transversal,fondation,essential,10,"[""Brief IA"",""Cahier des charges"",""Prompting""]",,PDF,9b6fd6a1-a3c1-4948-aa22-ad6cdcf49305/20260602115155_15-tpl-cahier-charges-ia-complexe.pdf,15_TPL_Cahier_Charges_IA_Complexe.pdf,application/pdf,1991571,,,1,published,2026-06-02 11:51:34.78255+00,2026-06-02 20:45:33.903326+00,2026-06-02 20:45:33.903326+00
9f7b7ce6-87c4-4495-99a7-b9829e49b0ed,Rédiger un email professionnel avec l’IA,r-diger-un-email-professionnel-avec-l-ia,"Rédigez des emails professionnels clairs, efficaces et adaptés à votre contexte en moins de 5 minutes.",Méthode pas-à-pas permettant de transformer une simple intention en email professionnel prêt à être envoyer grâce à l’IA.,"Ce workflow accompagne les débutants dans la rédaction d’emails professionnels avec l’IA. Il propose une méthode simple pour définir le contexte, l’objectif et le ton du message avant de générer un premier brouillon. Les étapes de relecture et d’amélioration permettent d’obtenir un résultat personnalisé et crédible. Des exemples concrets facilitent une mise en application immédiate.",workflow,transversal,fondation,discovery,5,"[""Email"",""Productivité"",""Communication""]",,PDF,9f7b7ce6-87c4-4495-99a7-b9829e49b0ed/20260601213352_01-wf-email-professionnel-ia.pdf,01_WF_Email_Professionnel_IA.pdf,application/pdf,1994513,,,1,published,2026-06-01 21:33:31.232878+00,2026-06-01 21:33:54.358727+00,2026-06-01 21:33:30.814296+00
aaac35cb-8d38-422c-8f94-e3310438285b,Architecturer un prompt complexe — les 7 composants,architecturer-un-prompt-complexe-les-7-composants,Construisez des prompts complets et performants dès la première tentative.,Fiche mémo présentant les éléments indispensables d’un prompt avancé.,"Cette fiche de référence détaille les sept composants essentiels d’un prompt performant : rôle, contexte, tâche, format, exemples, contraintes et vérification. Elle fournit des modèles prêts à réutiliser pour améliorer la qualité des réponses obtenues et professionnaliser les usages de l’IA au quotidien.",fiche_memo,transversal,fondation,essential,5,"[""Prompting avancé"",""IA"",""Référence""]",,PDF,aaac35cb-8d38-422c-8f94-e3310438285b/20260602120602_20-fm-architecturer-prompt-complexe.pdf,20_FM_Architecturer_Prompt_Complexe.pdf,application/pdf,1991636,,,1,published,2026-06-02 12:05:40.923093+00,2026-06-02 20:47:11.998019+00,2026-06-02 20:47:11.998019+00
ae67d7ce-54e7-4d3f-887d-894b87aa035b,Audit workflow IA de ton équipe,audit-workflow-ia-de-ton-quipe,Évaluez objectivement le niveau de maturité IA de votre équipe.,Checklist d’audit permettant d’identifier les forces et les axes de progrès d’une équipe.,"Cette grille d’évaluation permet aux managers et référents IA de mesurer l’adoption réelle des outils IA au sein de leur équipe. Elle couvre les usages individuels, les bonnes pratiques, la gouvernance et la mesure des résultats. Les scores obtenus permettent de construire un plan d’action concret pour accélérer l’adoption collective.",checklist,transversal,fondation,practitioner,30,"[""Audit"",""Management"",""Adoption IA""]",,PDF,ae67d7ce-54e7-4d3f-887d-894b87aa035b/20260602115603_17-cl-audit-workflow-ia-equipe.pdf,17_CL_Audit_Workflow_IA_Equipe.pdf,application/pdf,1991541,,,1,published,2026-06-02 11:55:42.266834+00,2026-06-02 20:46:23.915058+00,2026-06-02 20:46:23.915058+00
b0bb2e6e-6ec7-4b50-a84a-e0c556655de7,Brief de délégation à l’IA,brief-de-d-l-gation-l-ia,Obtenez des résultats beaucoup plus précis en apprenant à briefer correctement votre IA.,"Un modèle de brief structuré pour transmettre efficacement un objectif, un contexte et des contraintes à l’IA.","Cette fiche présente une méthode simple pour formuler des demandes complètes à l’IA. En structurant le contexte, le rôle, l’audience, le format et les contraintes, les utilisateurs améliorent fortement la qualité des réponses obtenues. Le modèle peut être réutilisé pour la plupart des tâches professionnelles courantes.",template,transversal,fondation,discovery,3,"[""Prompting"",""Méthodologie"",""IA""]",,PDF,b0bb2e6e-6ec7-4b50-a84a-e0c556655de7/20260602091550_05-tpl-brief-delegation-ia.pdf,05_TPL_Brief_Delegation_IA.pdf,application/pdf,1990872,,,1,published,2026-06-02 09:15:22.608201+00,2026-06-02 09:15:52.198176+00,2026-06-02 09:15:22.387871+00
bf70cc31-55fd-431a-b785-21a1da0b1d8c,Produire une synthèse financière avec l’IA,produire-une-synth-se-financi-re-avec-l-ia,Transformez des données financières complexes en recommandations claires et actionnables.,Workflow permettant de convertir des indicateurs financiers en analyse narrative orientée décision.,"Cette méthode aide les professionnels de la finance à présenter leurs résultats sous une forme plus accessible et stratégique. L’IA accompagne la rédaction de synthèses financières, l’adaptation au public cible et la construction de supports visuels destinés à la direction ou aux investisseurs.",workflow,finance_gestion,fondation,practitioner,15,"[""Reporting"",""Finance"",""Analyse""]",,PDF,bf70cc31-55fd-431a-b785-21a1da0b1d8c/20260602203636_39-wf-synthese-financiere-ia.pdf,39_WF_Synthese_Financiere_IA.pdf,application/pdf,1991678,,,1,draft,2026-06-02 20:36:04.30608+00,2026-06-02 20:36:52.382072+00,
d3cbe3ea-ae3a-4490-8982-6da6c55e9bf4,Compte rendu d’entretien enrichi par l’IA,compte-rendu-d-entretien-enrichi-par-l-ia,Structurez et analysez vos entretiens de recrutement de manière plus objective.,Template RH permettant de formaliser et synthétiser efficacement les entretiens candidats.,"Cette fiche aide les recruteurs à recueillir les informations essentielles d’un entretien en s’appuyant sur des éléments factuels et des exemples concrets. Le prompt de synthèse intégré permet ensuite de générer un compte rendu structuré, exploitable par les managers et les comités de recrutement.",template,rh_management,fondation,essential,10,"[""Recrutement"",""Entretien"",""ÉvaluatioN""]",,PDF,d3cbe3ea-ae3a-4490-8982-6da6c55e9bf4/20260602203519_38-tpl-cr-entretien-ia.pdf,38_TPL_CR_Entretien_IA.pdf,application/pdf,1992781,,,1,published,2026-06-02 20:34:51.841815+00,2026-06-02 20:35:21.139335+00,2026-06-02 20:34:51.732266+00
d66e0b38-12b3-46cf-a2c5-b3435d8d25cc,8 prompts essentiels — Commercial & Ventes,8-prompts-essentiels-commercial-ventes,"Utilisez l’IA à chaque étape du cycle de vente, de la prospection au closing.",Bibliothèque de prompts commerciaux couvrant les besoins fondamentaux des équipes de vente.,"Ce pack rassemble huit prompts conçus pour préparer des rendez-vous, qualifier des prospects, traiter les objections, rédiger des propositions commerciales, gérer les relances et préparer les négociations. Il constitue une boîte à outils immédiatement opérationnelle pour les commerciaux souhaitant gagner du temps et améliorer leur efficacité.",prompt_pack,commercial,fondation,essential,10,"[""Vente"",""Prospection"",""CRM""]",,PDF,d66e0b38-12b3-46cf-a2c5-b3435d8d25cc/20260602202730_32-pp-prompts-fondation-commercial.pdf,32_PP_Prompts_Fondation_Commercial.pdf,application/pdf,2002755,,,1,published,2026-06-02 20:27:09.031099+00,2026-06-02 20:27:32.657476+00,2026-06-02 20:27:08.615048+00
dec86668-b0c2-4adf-a374-437996834acf,Dashboard personnel de productivité IA,dashboard-personnel-de-productivit-ia,Mesurez concrètement les gains apportés par l’IA dans votre activité professionnelle.,"Tableau de bord permettant de suivre ses usages, ses résultats et son retour sur investissement IA.","Ce template aide les utilisateurs à suivre l’évolution de leurs pratiques IA au fil du temps. Il permet d’identifier les gains de temps réalisés, les cas d’usage les plus efficaces et les axes de progression. Grâce à un calcul simple du ROI, il facilite également la valorisation des bénéfices de l’IA auprès des managers et de la direction.",template,transversal,fondation,essential,5,"[""ROI IA"",""Productivité"",""Pilotage""]",,PDF,dec86668-b0c2-4adf-a374-437996834acf/20260602115333_16-tpl-dashboard-productivite-ia.pdf,16_TPL_Dashboard_Productivite_IA.pdf,application/pdf,1990794,,,1,published,2026-06-02 11:53:12.581768+00,2026-06-02 20:45:48.517953+00,2026-06-02 20:45:48.517953+00
df4b357b-0aca-4bca-b20b-bc3d7a32c451,8 prompts fondation avec exemples,communiquer-dans-les-situations-d-licates,Disposez immédiatement de 8 prompts universels pour réussir vos premiers usages professionnels de l’IA.,"Une bibliothèque de prompts prêts à l’emploi pour résumer, rédiger, analyser ou structurer des contenus.",Ce pack rassemble les prompts les plus utiles pour un usage quotidien de l’IA. Chaque modèle est accompagné d’un exemple concret et du résultat attendu afin de faciliter la prise en main. Les utilisateurs apprennent à adapter ces modèles à leurs propres besoins et à gagner du temps sur leurs tâches récurrentes.,prompt_pack,transversal,fondation,discovery,5,"[""Prompts"",""Productivité"",""Débutant""]",,PDF,df4b357b-0aca-4bca-b20b-bc3d7a32c451/20260602091253_03-pp-8-prompts-fondation.pdf,03_PP_8_Prompts_Fondation.pdf,application/pdf,1995299,,,1,published,2026-06-01 21:38:55.302788+00,2026-06-02 09:13:20.116746+00,2026-06-02 09:13:20.116746+00
dfbdacaf-bb34-4317-9cf1-ec5f0ec9c1da,Les 5 erreurs qui font perdre du temps avec l’IA,les-5-erreurs-qui-font-perdre-du-temps-avec-l-ia,Évitez les erreurs les plus fréquentes qui limitent les résultats et la valeur de l’IA.,Une fiche mémo recensant les principaux pièges des débutants et les bonnes pratiques associées.,"Cette ressource présente les cinq erreurs les plus courantes rencontrées lors des premiers usages de l’IA : prompts trop vagues, absence de vérification, automatisation excessive ou partage de données sensibles. Pour chaque erreur, une correction concrète est proposée afin d’adopter immédiatement les bons réflexes. Une lecture rapide pour progresser plus vite et sécuriser ses usages.",fiche_memo,transversal,fondation,discovery,3,"[""Bonnes pratiques"",""Débutant"",""IA""]",,PDF,dfbdacaf-bb34-4317-9cf1-ec5f0ec9c1da/20260602092620_10-fm-5-erreurs-ia-debutant.pdf,10_FM_5_Erreurs_IA_Debutant.pdf,application/pdf,1989659,,,1,published,2026-06-02 09:25:58.888095+00,2026-06-02 09:26:22.387576+00,2026-06-02 09:25:58.792796+00
e203a257-0d97-4e8d-9e5e-3f08ce47a4df,Automatiser son rapport hebdomadaire avec l’IA,automatiser-son-rapport-hebdomadaire-avec-l-ia,Produisez un rapport hebdomadaire professionnel en moins de 5 minutes chaque semaine.,Méthode de création d’un système de reporting réutilisable alimenté par l’IA.,"Ce workflow guide l’utilisateur dans la création d’un modèle de rapport hebdomadaire intelligent. En structurant les données clés et en utilisant un prompt de transformation dédié, il devient possible de générer rapidement des rapports synthétiques, cohérents et orientés décision. Une ressource idéale pour les managers, chefs de projet et responsables d’équipe.",workflow,transversal,fondation,essential,19,"[""Reporting"",""Productivité"",""Management""]",,PDF,e203a257-0d97-4e8d-9e5e-3f08ce47a4df/20260602114448_12-wf-rapport-hebdo-auto.pdf,12_WF_Rapport_Hebdo_Auto.pdf,application/pdf,1992075,,,1,published,2026-06-02 11:44:26.556584+00,2026-06-02 20:44:40.495129+00,2026-06-02 20:44:40.495129+00
ec908b59-256b-49bd-ab78-5caf42deb638,Calculer le ROI de ses outils IA,calculer-le-roi-de-ses-outils-ia,Mesurez concrètement la valeur créée par l’IA et justifiez vos investissements auprès de la direction.,"Méthode structurée permettant d’évaluer les gains financiers, opérationnels et qualitatifs liés à l’utilisation de l’IA.","Cette checklist guide les managers et responsables de transformation dans le calcul du retour sur investissement des outils IA. Elle propose une méthode complète pour mesurer les gains de temps, estimer les bénéfices qualitatifs, intégrer les coûts réels et construire un calcul de ROI crédible. L’objectif est de disposer d’indicateurs tangibles pour piloter les investissements IA, obtenir des budgets supplémentaires et démontrer la valeur créée à l’échelle de l’équipe ou de l’organisation.",checklist,transversal,fondation,practitioner,45,"[""ROI IA"",""Performance"",""Pilotage""]",,PDF,ec908b59-256b-49bd-ab78-5caf42deb638/20260602141450_28-cl-roi-outils-ia.pdf,28_CL_ROI_Outils_IA.pdf,application/pdf,1991775,,,1,published,2026-06-02 14:13:48.339904+00,2026-06-02 20:49:51.903721+00,2026-06-02 20:49:51.903721+00
f3fa20d0-c6e5-40df-bec2-2561702a47fb,Créer un post réseaux sociaux avec l’IA,cr-er-un-post-r-seaux-sociaux-avec-l-ia,Passez de l’idée au post publié en seulement 10 minutes.,Workflow marketing permettant de générer rapidement des contenus engageants pour les réseaux sociaux.,"Cette méthode guide les utilisateurs dans la création de publications LinkedIn, Instagram ou autres plateformes à partir d’un brief simple. L’IA aide à générer plusieurs angles éditoriaux, tandis que l’utilisateur conserve la personnalisation et la validation finale. Un outil idéal pour publier plus régulièrement sans sacrifier la qualité.",workflow,marketing,fondation,essential,10,"[""Réseaux sociaux"",""Content Marketing"",""LinkedIn""]",,PDF,f3fa20d0-c6e5-40df-bec2-2561702a47fb/20260602203008_34-wf-post-reseaux-sociaux-ia.pdf,34_WF_Post_Reseaux_Sociaux_IA.pdf,application/pdf,1992220,,,1,published,2026-06-02 20:29:47.733593+00,2026-06-02 20:30:10.617608+00,2026-06-02 20:29:47.622672+00
f7e3cd62-9ae3-40b5-8605-a8bff6435e56,Rédiger une offre d’emploi avec l’IA,r-diger-une-offre-d-emploi-avec-l-ia,"Créez des offres d’emploi claires, attractives et inclusives en moins de 20 minutes.",Workflow RH permettant de transformer une fiche de poste en annonce prête à publier.,"Cette méthode accompagne les recruteurs et managers dans la rédaction d’offres d’emploi plus efficaces. Elle aide à structurer les missions, valoriser les avantages du poste, améliorer l’inclusivité du texte et optimiser l’attractivité de l’annonce. Un gain de temps important pour les équipes RH.",workflow,rh_management,fondation,essential,20,"[""Recrutement"",""RH"",""Marque employeur""]",,PDF,f7e3cd62-9ae3-40b5-8605-a8bff6435e56/20260602203359_37-wf-offre-emploi-ia.pdf,37_WF_Offre_Emploi_IA.pdf,application/pdf,1991754,,,1,draft,2026-06-02 20:33:37.722779+00,2026-06-02 20:34:00.691583+00,
fa5c500b-3db9-4ad5-a621-2f6155cf9278,Rédiger un email de prospection avec l’IA,r-diger-un-email-de-prospection-avec-l-ia,Créez des emails de prospection personnalisés et performants en moins de 5 minutes.,Workflow commercial permettant de générer des emails de prospection basés sur des signaux réels du prospect.,"Ce workflow guide les commerciaux dans la préparation et la rédaction d’emails de prospection personnalisés. Il permet d’identifier des signaux pertinents, de choisir le bon angle d’approche et de générer un message adapté au contexte du prospect. Une méthode simple pour améliorer les taux d’ouverture, de réponse et de prise de rendez-vous.",workflow,commercial,fondation,essential,5,"[""Prospection"",""Email"",""Vente""]",,PDF,fa5c500b-3db9-4ad5-a621-2f6155cf9278/20260602202604_31-wf-prospection-email-commercial.pdf,31_WF_Prospection_Email_Commercial.pdf,application/pdf,1994285,,,1,published,2026-06-02 20:25:43.009531+00,2026-06-02 20:26:06.188181+00,2026-06-02 20:25:42.833613+00
fbbf2d24-c15e-47eb-889a-ab918ad563cb,Playbook IA du manager,playbook-ia-du-manager,Déployez un cadre clair pour accompagner l’adoption de l’IA dans votre équipe.,"Modèle complet permettant de définir les règles, les rituels et les bonnes pratiques IA d’une équipe.","Ce playbook aide les managers à structurer l’utilisation de l’IA au sein de leur équipe. Il couvre les politiques d’usage, les niveaux de maturité, les parcours de formation, les rituels collaboratifs et les engagements managériaux. Il constitue une référence durable pour accompagner la transformation des pratiques.",template,transversal,fondation,practitioner,60,"[""Management"",""Gouvernance IA"",""Adoption""]",,PDF,fbbf2d24-c15e-47eb-889a-ab918ad563cb/20260602132730_26-tpl-playbook-ia-manager.pdf,26_TPL_Playbook_IA_Manager.pdf,application/pdf,1993204,,,1,published,2026-06-02 13:26:59.343301+00,2026-06-02 20:49:18.004564+00,2026-06-02 20:49:18.004564+00